,PMID,topic_number,topic_keywords
0,25763772,10,0.9943624
1,25847295,13,0.60439265
2,26316050,4,0.34410447
3,26406200,12,0.015422209
4,26424709,1,0.29272002
5,26476440,1,0.03695755
6,26797704,15,0.99133945
7,26864880,4,0.93078977
8,26867927,8,0.044486914
9,26876532,0,0.6643829
10,26883265,2,0.20759106
11,26931495,4,0.69588053
12,26944725,1,0.07991679
13,27010511,1,0.3199564
14,27086366,2,0.5742848
15,27093899,11,0.9861872
16,27113387,0,0.9931413
17,27117874,1,0.018528007
18,27121486,2,0.39694807
19,27131339,8,0.9929428
20,27196563,7,0.33546895
21,27216824,18,0.994082
22,27233131,0,0.80198306
23,27233260,3,0.52584624
24,27233466,9,0.14462832
25,27233592,17,0.28998974
26,27234004,7,0.6732232
27,27234031,3,0.11981595
28,27234220,10,0.51864403
29,27235559,2,0.64835453
30,27235789,1,0.16169803
31,27235824,9,0.7011797
32,27235977,3,0.3423934
33,27235985,1,0.05683806
34,27236033,6,0.83043945
35,27236596,1,0.049221214
36,27236780,1,0.7710466
37,27237979,0,0.12580645
38,27239027,3,0.124721885
39,27239445,8,0.7270202
40,27239541,11,0.64715534
41,27240257,0,0.1433402
42,27240437,3,0.0408568
43,27240560,7,0.26607367
44,27241087,2,0.3930215
45,27241291,2,0.8863381
46,27241818,8,0.355971
47,27242101,1,0.31801587
48,27242395,0,0.6214874
49,27242550,5,0.171406
50,27242761,4,0.3507315
51,27242865,12,0.46147782
52,27243664,3,0.34842658
53,27244222,14,0.08397967
54,27245100,6,0.31395522
55,27245303,2,0.16401112
56,27245335,5,0.024809383
57,27245524,17,0.9850906
58,27246120,6,0.74017084
59,27247892,12,0.054312
60,27249559,4,0.32593435
61,27250793,8,0.8604479
62,27250823,8,0.823064
63,27251117,4,0.32669112
64,27251157,3,0.5336435
65,27251364,0,0.948566
66,27251918,5,0.22352198
67,27252074,3,0.99343026
68,27252099,10,0.050315466
69,27252199,4,0.35413447
70,27252416,1,0.21466331
71,27252474,5,0.15257986
72,27252817,4,0.17585734
73,27252904,2,0.5932934
74,27254091,9,0.12575912
75,27254792,15,0.9062514
76,27255399,1,0.12025164
77,27255411,7,0.5312763
78,27255600,4,0.010923059
79,27256046,8,0.26342288
80,27256126,3,0.56901604
81,27256373,7,0.6308105
82,27256947,0,0.38206866
83,27257056,3,0.58948684
84,27257063,3,0.20475669
85,27257207,3,0.5982174
86,27257613,0,0.13011894
87,27257694,6,0.93467104
88,27257822,1,0.51333433
89,27257836,19,0.4455956
90,27258136,5,0.991857
91,27258690,0,0.31755155
92,27258956,1,0.068215445
93,27259186,2,0.9882347
94,27259326,3,0.14470695
95,27259362,8,0.98618186
96,27259647,0,0.2027345
97,27260358,1,0.20615052
98,27260450,0,0.49270898
99,27260627,1,0.18971214
100,27261525,6,0.34461173
101,27261587,2,0.19015469
102,27261783,3,0.24671498
103,27262143,3,0.5007898
104,27262362,1,0.43372828
105,27263085,14,0.9909222
106,27264279,0,0.045465972
107,27265179,2,0.96627617
108,27266283,1,0.21072236
109,27266322,18,0.99314576
110,27266753,1,0.16804297
111,27267054,9,0.53168756
112,27267338,7,0.7069165
113,27267388,0,0.09537569
114,27267564,6,0.016745714
115,27270311,3,0.19575393
116,27270753,4,0.10118943
117,27271087,11,0.5095948
118,27271770,2,0.4045653
119,27271969,3,0.10885263
120,27272523,3,0.5302848
121,27272784,8,0.99007213
122,27273075,4,0.23859344
123,27273160,4,0.04348572
124,27273231,11,0.70984894
125,27273307,0,0.089282736
126,27273918,2,0.50645417
127,27274087,4,0.06936874
128,27274417,13,0.15828213
129,27274524,4,0.42461863
130,27274541,4,0.3231151
131,27274791,19,0.9899725
132,27274893,11,0.99442697
133,27275025,1,0.12105606
134,27275298,2,0.016338887
135,27275827,1,0.41461462
136,27275849,5,0.90067
137,27278134,12,0.118526265
138,27279849,2,0.20770109
139,27279981,0,0.122127995
140,27280034,2,0.4004379
141,27280293,3,0.9943909
142,27282214,13,0.13389003
143,27282454,14,0.9914927
144,27282845,1,0.114995755
145,27283081,0,0.12721269
146,27283167,1,0.88460946
147,27283994,0,0.054358255
148,27284118,15,0.8701056
149,27284493,5,0.19021529
150,27284958,8,0.4835222
151,27286118,1,0.56693226
152,27286174,1,0.24085093
153,27286333,3,0.9903617
154,27286759,1,0.13795519
155,27287100,16,0.096564196
156,27287247,3,0.03494736
157,27288457,3,0.43609926
158,27289224,3,0.9848686
159,27291966,5,0.35303763
160,27292374,15,0.86622643
161,27292641,12,0.63303226
162,27293123,15,0.99299407
163,27293431,0,0.24732223
164,27293894,3,0.84496534
165,27294314,0,0.9904684
166,27294436,1,0.99314475
167,27294526,3,0.69846004
168,27294544,0,0.12411453
169,27294781,3,0.28584138
170,27294858,1,0.119923815
171,27294935,17,0.082237154
172,27294945,4,0.20263712
173,27295294,3,0.61119014
174,27295651,13,0.076274976
175,27296867,15,0.7245421
176,27297523,5,0.095731534
177,27297967,0,0.3313713
178,27298004,0,0.9835728
179,27298278,4,0.73151076
180,27298653,8,0.09175929
181,27298741,1,0.053728398
182,27299091,5,0.16038229
183,27299182,2,0.13867362
184,27299289,1,0.3925858
185,27299763,14,0.7980119
186,27299886,1,0.20364587
187,27300443,0,0.36816677
188,27300936,13,0.99381256
189,27300947,0,0.15090463
190,27301186,0,0.18440895
191,27301553,3,0.42097393
192,27301681,4,0.9910927
193,27301853,17,0.99442846
194,27303795,0,0.1319721
195,27303808,9,0.709217
196,27304655,1,0.15109037
197,27305656,11,0.24848337
198,27305683,9,0.061254583
199,27305688,0,0.18315798
200,27306062,7,0.3590956
201,27306621,10,0.9944286
202,27306647,1,0.16378713
203,27306679,13,0.3323733
204,27308854,1,0.41488698
205,27310240,0,0.13916871
206,27311930,17,0.20052399
207,27312152,5,0.66567993
208,27312263,5,0.90592545
209,27312275,4,0.02538928
210,27312354,4,0.25058427
211,27312379,0,0.5701959
212,27312487,8,0.035431784
213,27313537,0,0.42481467
214,27313614,5,0.4171005
215,27313637,3,0.5253778
216,27313723,11,0.9904703
217,27314612,3,0.70503676
218,27315396,3,0.17023514
219,27315518,0,0.51900154
220,27317610,7,0.61411583
221,27317655,7,0.05691884
222,27318131,1,0.16122904
223,27318197,0,0.6760754
224,27318553,11,0.9885192
225,27318951,2,0.10035765
226,27319018,13,0.34314713
227,27319985,1,0.6340009
228,27320055,4,0.43952215
229,27320863,3,0.61004674
230,27321338,1,0.5424306
231,27321568,5,0.62785584
232,27321599,1,0.99299484
233,27321745,4,0.20007543
234,27321892,0,0.8142249
235,27322135,16,0.8754655
236,27322653,6,0.17777304
237,27324249,16,0.9935596
238,27325072,2,0.13060485
239,27325393,2,0.068785086
240,27325547,3,0.5111982
241,27326352,19,0.26432717
242,27326810,6,0.7087381
243,27326914,19,0.994906
244,27328333,1,0.07151844
245,27328365,8,0.77655554
246,27329050,10,0.323924
247,27330692,14,0.31374636
248,27330705,0,0.27524665
249,27330995,3,0.33306277
250,27331407,0,0.55450356
251,27331809,13,0.7100884
252,27332210,13,0.1476094
253,27332346,0,0.15782683
254,27332832,2,0.084133066
255,27333086,12,0.15328774
256,27333594,3,0.7840078
257,27333847,1,0.12581441
258,27334470,0,0.54417235
259,27334522,1,0.3023394
260,27334669,0,0.9918552
261,27335087,3,0.6364525
262,27336004,1,0.24261467
263,27336204,5,0.5573029
264,27336239,15,0.18361437
265,27336882,9,0.11265851
266,27336997,2,0.03546379
267,27337055,14,0.727134
268,27337390,13,0.44293678
269,27337704,4,0.075288095
270,27337992,4,0.17812076
271,27338295,6,0.2910665
272,27338347,1,0.030097988
273,27339000,14,0.42230234
274,27339305,13,0.99283546
275,27339306,0,0.9929376
276,27339893,0,0.48069492
277,27340141,4,0.040964033
278,27340160,0,0.06991402
279,27340777,8,0.58430135
280,27340878,1,0.22767557
281,27341373,2,0.99656045
282,27342305,11,0.09675613
283,27342978,3,0.9944557
284,27343573,4,0.61746496
285,27343757,3,0.5297587
286,27344476,14,0.7837582
287,27344620,1,0.95204353
288,27345009,3,0.25701946
289,27345138,4,0.99578345
290,27346336,0,0.27901217
291,27346839,0,0.6039444
292,27347474,2,0.27519655
293,27347631,16,0.23125817
294,27347792,9,0.02829104
295,27347943,13,0.990657
296,27348135,1,0.9931954
297,27348285,1,0.26835597
298,27348352,17,0.38393638
299,27348405,13,0.6159462
300,27348517,8,0.21747535
301,27348576,4,0.677502
302,27348675,1,0.12080489
303,27348711,0,0.074471265
304,27349310,13,0.40617993
305,27349365,0,0.2828616
306,27350860,2,0.71266705
307,27352045,14,0.9950624
308,27352133,7,0.498084
309,27352367,1,0.44348398
310,27352476,14,0.24598536
311,27353925,11,0.42448533
312,27354201,3,0.29689163
313,27354219,3,0.19744916
314,27354236,4,0.23977095
315,27354631,11,0.39681867
316,27354640,3,0.79520565
317,27355434,8,0.06956368
318,27356151,0,0.8907046
319,27356448,0,0.041544203
320,27356521,13,0.8141665
321,27356693,1,0.4034794
322,27356972,3,0.41556862
323,27357217,10,0.020903537
324,27357243,1,0.043172143
325,27357394,6,0.5070548
326,27357530,19,0.63945067
327,27357607,6,0.45953217
328,27357626,3,0.99185634
329,27358525,11,0.5764659
330,27358560,4,0.15789257
331,27358636,8,0.9954855
332,27358905,9,0.90753406
333,27359086,12,0.9920585
334,27359178,0,0.6675292
335,27359321,17,0.9913379
336,27362260,0,0.11804639
337,27363212,15,0.7662991
338,27363786,1,0.30178508
339,27364111,15,0.14196913
340,27364610,15,0.02231696
341,27365044,0,0.31706673
342,27366176,0,0.09858838
343,27366508,7,0.5806366
344,27366556,5,0.22489658
345,27367915,3,0.16363922
346,27371349,8,0.14835553
347,27371352,1,0.07539271
348,27371369,1,0.035420544
349,27371817,0,0.6028415
350,27371818,2,0.37401718
351,27371870,3,0.6103179
352,27372076,5,0.41208747
353,27372861,3,0.6984768
354,27373429,16,0.98964167
355,27373648,6,0.6652963
356,27373689,3,0.86599046
357,27373772,13,0.809752
358,27373836,8,0.2527156
359,27373893,1,0.23234296
360,27374165,13,0.99007416
361,27374484,2,0.60357976
362,27375283,3,0.25156096
363,27375428,6,0.41558796
364,27375918,7,0.29489952
365,27376349,2,0.26037055
366,27377502,2,0.72745365
367,27378028,11,0.40836653
368,27378064,1,0.49973437
369,27378175,11,0.4729523
370,27379139,4,0.08241644
371,27379201,1,0.535988
372,27380733,0,0.5455952
373,27381670,1,0.3005055
374,27381890,0,0.5034621
375,27382289,6,0.08592314
376,27382380,11,0.29274425
377,27383326,6,0.15341783
378,27383484,2,0.17250809
379,27383496,3,0.19952473
380,27383575,12,0.97766495
381,27384095,5,0.5514854
382,27384243,12,0.5733514
383,27384676,6,0.12057953
384,27385165,0,0.027864967
385,27385839,1,0.45697817
386,27386169,3,0.022867411
387,27386263,3,0.26207483
388,27387057,4,0.7803353
389,27387068,9,0.9886568
390,27387187,15,0.35789707
391,27388630,3,0.5902033
392,27388786,13,0.992993
393,27389043,12,0.08591662
394,27389831,3,0.0786125
395,27390504,10,0.022177676
396,27390714,6,0.043743517
397,27390849,19,0.99364924
398,27391139,4,0.9708769
399,27391263,6,0.5310565
400,27391592,4,0.92040527
401,27391754,9,0.70830506
402,27392010,15,0.99400824
403,27392220,3,0.9755656
404,27392483,3,0.18997343
405,27392509,7,0.97153735
406,27392740,4,0.1597463
407,27393884,14,0.925406
408,27394010,13,0.59512824
409,27394375,8,0.80013365
410,27395220,16,0.97191536
411,27395231,14,0.9918403
412,27395784,5,0.99449176
413,27397752,9,0.087809935
414,27397797,6,0.86626107
415,27398974,0,0.98904544
416,27399557,1,0.39654696
417,27399732,1,0.13349608
418,27399843,4,0.7123328
419,27399912,8,0.98986524
420,27400734,1,0.3223938
421,27400764,17,0.3160311
422,27401409,2,0.3166212
423,27401811,2,0.9925552
424,27402480,0,0.28278401
425,27402799,20,0.9940812
426,27402827,8,0.3643974
427,27403105,3,0.10543875
428,27403338,7,0.50356096
429,27403678,4,0.8768744
430,27405584,1,0.27084905
431,27405692,4,0.2483708
432,27405997,5,0.9920593
433,27406386,8,0.6307015
434,27406705,6,0.0846644
435,27407027,1,0.029758463
436,27408381,1,0.6609536
437,27408447,8,0.25779146
438,27409644,1,0.21929821
439,27410251,14,0.99397045
440,27411238,11,0.69988406
441,27411493,1,0.99237704
442,27411686,13,0.9920562
443,27412368,1,0.9731517
444,27412452,1,0.10344179
445,27412534,0,0.37917477
446,27412612,6,0.24562804
447,27412759,3,0.18970917
448,27413146,13,0.91142654
449,27413416,10,0.11047116
450,27414407,2,0.06702344
451,27415757,9,0.037700873
452,27416524,0,0.97148967
453,27417076,1,0.6187386
454,27417211,0,0.5048055
455,27417537,10,0.4188385
456,27418256,0,0.06421166
457,27418869,7,0.02215702
458,27420101,3,0.065221466
459,27420620,2,0.5586809
460,27421268,1,0.1093148
461,27421843,6,0.05112941
462,27422009,0,0.20684534
463,27422367,4,0.25181526
464,27422746,5,0.111204095
465,27423282,9,0.9932903
466,27423415,0,0.47878253
467,27423449,6,0.7980512
468,27424514,2,0.27657372
469,27425447,11,0.6075684
470,27426713,6,0.49113744
471,27427129,1,0.16579269
472,27427386,7,0.07383235
473,27427881,2,0.07750146
474,27429532,6,0.99338263
475,27429935,2,0.20620821
476,27430240,3,0.22793588
477,27430264,2,0.07057153
478,27430662,19,0.7969364
479,27431623,6,0.49606746
480,27432227,3,0.362982
481,27432486,9,0.048084456
482,27433451,1,0.324258
483,27433933,6,0.18939306
484,27434112,5,0.6683715
485,27435204,1,0.36302328
486,27435336,3,0.99218935
487,27435702,1,0.30441552
488,27435835,7,0.034497008
489,27435854,16,0.3687747
490,27436292,12,0.9915642
491,27436508,1,0.2646686
492,27436524,4,0.02093058
493,27436635,1,0.4067322
494,27436784,8,0.30254138
495,27437094,0,0.029365078
496,27437203,6,0.7130198
497,27438188,3,0.30890775
498,27438230,1,0.19131918
499,27438380,13,0.015290063
500,27438403,12,0.9905615
501,27438523,8,0.57970273
502,27439116,3,0.88789845
503,27439307,16,0.9950081
504,27439396,6,0.83381283
505,27439518,3,0.99192536
506,27439969,5,0.123194255
507,27440478,2,0.28229082
508,27440782,4,0.09597833
509,27441491,1,0.42808604
510,27441507,6,0.07238912
511,27441638,4,0.6048315
512,27441911,17,0.98793626
513,27442214,9,0.7097207
514,27442216,1,0.8199293
515,27442261,0,0.43625018
516,27442448,14,0.051388968
517,27442784,1,0.29917485
518,27443131,9,0.023676584
519,27443504,18,0.96334106
520,27444636,20,0.993194
521,27445300,1,0.18447766
522,27445319,5,0.8368121
523,27445383,13,0.98013717
524,27445402,14,0.19158572
525,27445435,3,0.3763829
526,27445856,14,0.5443019
527,27445997,7,0.72243285
528,27446048,0,0.010372559
529,27446224,5,0.10515907
530,27446232,2,0.10884028
531,27446352,12,0.99319524
532,27446550,0,0.4526895
533,27446579,6,0.43173164
534,27446852,5,0.7312533
535,27447000,2,0.033407796
536,27447421,1,0.19559439
537,27447713,7,0.056263108
538,27447827,1,0.49479896
539,27449508,3,0.37896317
540,27449676,10,0.58992213
541,27449818,2,0.78836215
542,27449845,20,0.9742356
543,27450703,9,0.4702879
544,27450737,3,0.16878016
545,27451934,2,0.01617117
546,27452398,2,0.03959876
547,27452974,2,0.2240549
548,27453213,8,0.56094474
549,27453359,4,0.99222934
550,27453830,11,0.9871256
551,27454066,5,0.6565048
552,27454379,1,0.519487
553,27454401,4,0.98069656
554,27454637,15,0.5556023
555,27454738,0,0.9222837
556,27456016,8,0.89716387
557,27456018,1,0.16996574
558,27456062,3,0.21670313
559,27457339,3,0.11529151
560,27457539,1,0.048026416
561,27457924,0,0.78568953
562,27457997,3,0.13157076
563,27458601,3,0.14501105
564,27459060,12,0.9727747
565,27459296,8,0.17866059
566,27459610,1,0.072962284
567,27459898,3,0.8320815
568,27460285,5,0.04669097
569,27460657,4,0.19843736
570,27460729,8,0.99407864
571,27461472,4,0.013557848
572,27461500,1,0.16473605
573,27461771,3,0.97783387
574,27462099,10,0.8805048
575,27463423,11,0.2307455
576,27463515,9,0.9947917
577,27463942,7,0.99228007
578,27464574,9,0.5204379
579,27464853,6,0.07929903
580,27464911,1,0.28664657
581,27465008,6,0.057215434
582,27465797,4,0.9935175
583,27466053,1,0.22274677
584,27466243,1,0.08062338
585,27466374,4,0.994295
586,27467147,2,0.0155287925
587,27467251,0,0.15317729
588,27467556,6,0.19137686
589,27468821,3,0.29450956
590,27468990,13,0.9919207
591,27469396,9,0.14944817
592,27469526,13,0.25998202
593,27470228,1,0.86634094
594,27470589,4,0.90785563
595,27470609,3,0.047719076
596,27470706,7,0.29300585
597,27470998,1,0.666788
598,27471103,4,0.44899943
599,27471363,16,0.111375414
600,27472389,8,0.901659
601,27472704,1,0.25215763
602,27473209,1,0.19627246
603,27473375,14,0.41626796
604,27473380,1,0.99342906
605,27473602,0,0.141327
606,27473877,17,0.9904731
607,27473951,2,0.024199754
608,27474570,0,0.9548596
609,27474829,4,0.4726695
610,27474969,0,0.34423453
611,27475106,9,0.362536
612,27475688,14,0.75240654
613,27475696,1,0.17404406
614,27476158,4,0.25950736
615,27476625,1,0.15104662
616,27476670,4,0.9889209
617,27476889,3,0.30413714
618,27477569,16,0.94644165
619,27478234,12,0.99314535
620,27478557,0,0.87259036
621,27479458,5,0.2608654
622,27479867,8,0.067474596
623,27479943,1,0.1826493
624,27480504,5,0.5944237
625,27480530,1,0.2811193
626,27481186,13,0.980659
627,27481342,4,0.7091639
628,27481539,15,0.9857794
629,27481714,6,0.42525837
630,27481810,11,0.38616452
631,27481881,6,0.33693326
632,27481922,1,0.18001315
633,27482676,2,0.5524682
634,27482869,1,0.22905578
635,27483491,13,0.38669205
636,27484439,1,0.850777
637,27484604,2,0.11878565
638,27484988,11,0.5394594
639,27485340,0,0.99074966
640,27485594,0,0.13837497
641,27485947,1,0.23344982
642,27486419,1,0.06362638
643,27486953,13,0.057964228
644,27487357,1,0.22269063
645,27487593,1,0.25553748
646,27488293,17,0.07539779
647,27488602,7,0.1406364
648,27489015,9,0.8348887
649,27489089,1,0.47555673
650,27489143,6,0.05139242
651,27489312,13,0.19138762
652,27489603,7,0.20794207
653,27489713,1,0.44660905
654,27489735,1,0.67346036
655,27490343,1,0.08940057
656,27490448,5,0.27500007
657,27490927,3,0.2530982
658,27491394,0,0.15068449
659,27491778,5,0.63532823
660,27492044,6,0.17026736
661,27492869,1,0.408997
662,27493011,3,0.09739738
663,27493840,7,0.30761448
664,27493925,10,0.6518348
665,27494020,1,0.05071352
666,27494135,0,0.07533731
667,27494870,3,0.8935723
668,27494903,3,0.26094323
669,27494906,3,0.99418867
670,27494907,3,0.9929877
671,27494908,5,0.55303204
672,27494909,1,0.22994678
673,27495798,1,0.12272082
674,27496388,0,0.40943474
675,27497497,11,0.73049307
676,27498027,3,0.11349291
677,27498099,1,0.15836406
678,27498399,13,0.9945219
679,27498545,3,0.05048144
680,27498569,4,0.48393372
681,27500198,2,0.36425966
682,27500205,3,0.52068114
683,27500262,1,0.1290132
684,27500809,2,0.63715583
685,27501910,0,0.35203856
686,27502245,0,0.17774405
687,27502941,3,0.056548707
688,27503306,6,0.30838472
689,27503472,0,0.9923154
690,27503608,8,0.16432099
691,27503899,1,0.0385386
692,27503926,0,0.43825263
693,27503979,8,0.38028684
694,27504100,8,0.054122645
695,27504260,3,0.6300134
696,27504422,8,0.18806076
697,27504738,3,0.18476944
698,27504849,8,0.31160802
699,27505217,7,0.0851375
700,27505310,15,0.23164314
701,27505348,3,0.0856599
702,27505653,2,0.5212591
703,27506129,8,0.07585845
704,27506220,17,0.4100189
705,27506608,15,0.4016415
706,27507240,5,0.6791096
707,27507301,3,0.36257908
708,27507385,17,0.9826571
709,27507702,3,0.9948469
710,27508301,1,0.1894674
711,27508384,3,0.4453058
712,27508468,14,0.2204001
713,27508512,2,0.06946537
714,27510000,1,0.29081342
715,27510458,8,0.21102516
716,27510556,0,0.04245042
717,27510571,11,0.45543095
718,27510784,8,0.6900332
719,27511214,6,0.99347246
720,27511456,4,0.9073767
721,27511525,3,0.20284183
722,27511629,6,0.02236769
723,27511635,12,0.5915006
724,27512256,3,0.27682748
725,27512369,19,0.99314445
726,27512378,3,0.26909453
727,27513357,3,0.57963675
728,27513632,3,0.2909254
729,27514440,5,0.99266917
730,27514572,6,0.8729086
731,27514644,16,0.994082
732,27515243,9,0.29386848
733,27515250,3,0.045819804
734,27515307,3,0.09002794
735,27515772,8,0.4609205
736,27515958,0,0.083349034
737,27516217,8,0.33594355
738,27516253,0,0.48958093
739,27516254,0,0.46892235
740,27516476,5,0.10614824
741,27516747,1,0.053372603
742,27516791,10,0.9851082
743,27517885,3,0.5493713
744,27518506,1,0.18987626
745,27518527,8,0.16307972
746,27519262,1,0.05114127
747,27519675,1,0.163965
748,27519886,1,0.3040452
749,27521295,1,0.15296188
750,27521418,3,0.068852365
751,27521864,6,0.42536974
752,27521980,5,0.28409675
753,27522061,1,0.643201
754,27522512,1,0.0349524
755,27524031,11,0.80386
756,27524790,14,0.9917807
757,27524875,8,0.6572637
758,27524991,5,0.057819683
759,27525173,3,0.42820755
760,27525549,1,0.18806419
761,27526315,3,0.016070671
762,27526663,4,0.16118175
763,27528428,4,0.14398138
764,27528862,0,0.21005502
765,27530243,1,0.22217387
766,27532629,4,0.995011
767,27532798,1,0.7651913
768,27532819,3,0.56524193
769,27533056,7,0.08410875
770,27533082,0,0.22581911
771,27533383,7,0.39460263
772,27533401,2,0.5996248
773,27533420,5,0.8014316
774,27534108,0,0.3662617
775,27534355,9,0.3680188
776,27534399,7,0.75360733
777,27534567,1,0.15004645
778,27534734,8,0.9913348
779,27534961,6,0.9916388
780,27535101,4,0.9912573
781,27536134,3,0.070225716
782,27536472,10,0.42023095
783,27536475,1,0.09394982
784,27537689,11,0.9945554
785,27538344,1,0.12995805
786,27538372,3,0.3304009
787,27539002,8,0.065764554
788,27539962,11,0.1187306
789,27540024,4,0.058728375
790,27540584,10,0.6198711
791,27542164,2,0.23685142
792,27542380,1,0.012788321
793,27542782,11,0.35814297
794,27542789,4,0.14506517
795,27542814,4,0.29595456
796,27543814,0,0.31441617
797,27543896,12,0.28179073
798,27544735,0,0.06468101
799,27544871,6,0.6484067
800,27545082,14,0.9932427
801,27545399,1,0.3858036
802,27545500,3,0.3593236
803,27545685,2,0.38978958
804,27545829,3,0.1275097
805,27546025,2,0.9909251
806,27546367,8,0.41798458
807,27546724,7,0.16094784
808,27547341,10,0.02485559
809,27547432,6,0.8007845
810,27547536,5,0.8785446
811,27548715,11,0.33770868
812,27548895,10,0.015443578
813,27549420,15,0.65643024
814,27550416,3,0.18055758
815,27550556,0,0.2606627
816,27551182,1,0.42719507
817,27551242,15,0.66097254
818,27551992,5,0.36898544
819,27552486,2,0.5429217
820,27552906,19,0.9947056
821,27553051,1,0.07734986
822,27553121,4,0.27138567
823,27553588,1,0.19421096
824,27553875,1,0.10572282
825,27554678,3,0.38976544
826,27554917,1,0.18824683
827,27555654,0,0.05785009
828,27555752,15,0.8021141
829,27555898,11,0.65121245
830,27555975,11,0.17922461
831,27556293,20,0.9942253
832,27557464,11,0.15606484
833,27558728,13,0.99283504
834,27558793,2,0.12600797
835,27559131,3,0.07807648
836,27559330,3,0.6066906
837,27560368,0,0.15865603
838,27560647,5,0.058737706
839,27561345,1,0.07175651
840,27562025,4,0.015119571
841,27562210,3,0.50237185
842,27562951,3,0.5566794
843,27563006,0,0.46398765
844,27563025,3,0.075024344
845,27563235,0,0.038494404
846,27563616,16,0.5028396
847,27565266,17,0.5231806
848,27565311,4,0.81228924
849,27565913,6,0.23145305
850,27565983,4,0.9912561
851,27566296,11,0.9799712
852,27566320,18,0.11962605
853,27566564,3,0.16732791
854,27566854,19,0.83307815
855,27567148,5,0.82109874
856,27567226,2,0.3510658
857,27567951,6,0.80771226
858,27568025,4,0.9800121
859,27568206,0,0.12913668
860,27568284,4,0.36060652
861,27568672,8,0.45732558
862,27569032,3,0.3791211
863,27569088,1,0.74988407
864,27569827,3,0.8043179
865,27569995,5,0.9025036
866,27570111,5,0.06350583
867,27570140,1,0.47587243
868,27570362,14,0.09137847
869,27570556,4,0.22382271
870,27570685,8,0.13069172
871,27570938,2,0.111799724
872,27570955,13,0.19084454
873,27570972,3,0.33367953
874,27571223,2,0.01976982
875,27571385,1,0.168077
876,27571883,1,0.038327195
877,27572131,7,0.08928123
878,27572277,0,0.029192843
879,27572614,1,0.14255638
880,27573109,4,0.9900741
881,27573199,8,0.19096102
882,27573470,4,0.048810985
883,27573702,3,0.08008968
884,27574277,9,0.25207284
885,27574814,13,0.99164104
886,27575503,11,0.53956604
887,27575716,4,0.4546731
888,27576608,2,0.14583108
889,27576906,0,0.33860075
890,27576941,7,0.18653008
891,27577517,5,0.24502957
892,27577957,8,0.1563754
893,27578508,2,0.21505368
894,27578894,13,0.31800443
895,27579316,3,0.25671238
896,27580090,19,0.9942255
897,27580610,1,0.24960476
898,27580729,1,0.56487244
899,27580908,17,0.45993513
900,27581456,4,0.48393115
901,27581464,1,0.3096283
902,27582109,0,0.21080242
903,27582170,9,0.940797
904,27582280,3,0.9062729
905,27583176,1,0.34798664
906,27583405,3,0.30495924
907,27585079,4,0.3451021
908,27585205,6,0.13463588
909,27585843,1,0.76866966
910,27587390,4,0.06741809
911,27587730,1,0.17887639
912,27588892,3,0.12939517
913,27588935,7,0.3074722
914,27589009,7,0.42879874
915,27589720,4,0.26001906
916,27590021,0,0.02211411
917,27590047,8,0.44543478
918,27590051,3,0.9773549
919,27590630,3,0.8729172
920,27591146,9,0.26001957
921,27592178,1,0.61296564
922,27593461,17,0.20365605
923,27593786,20,0.9924974
924,27593936,0,0.1270807
925,27594346,1,0.28162107
926,27594695,1,0.7382054
927,27595710,7,0.4255315
928,27597857,3,0.28443176
929,27597994,3,0.7911572
930,27598153,0,0.41770282
931,27598262,12,0.49700508
932,27598351,0,0.36639848
933,27598388,16,0.49304846
934,27598421,4,0.9948207
935,27599001,4,0.6905216
936,27599297,0,0.4462629
937,27599942,2,0.5442369
938,27600888,3,0.043845184
939,27601238,2,0.29725042
940,27601292,5,0.11078035
941,27601594,3,0.5214318
942,27601937,0,0.24093136
943,27602058,2,0.031308178
944,27602107,1,0.035097215
945,27602300,3,0.15454881
946,27602763,5,0.40279925
947,27602898,1,0.018190296
948,27603917,12,0.99408233
949,27604681,7,0.120917015
950,27606170,9,0.36757153
951,27606477,9,0.39243165
952,27606547,1,0.35314092
953,27607849,3,0.19454145
954,27607871,1,0.9934296
955,27608421,2,0.04508558
956,27608841,1,0.71454215
957,27608968,1,0.24504527
958,27608985,0,0.66184795
959,27609696,9,0.45206785
960,27609916,0,0.5503398
961,27609921,3,0.51476353
962,27610042,12,0.9928353
963,27610122,10,0.11153702
964,27610145,14,0.730445
965,27610191,8,0.8500541
966,27610217,11,0.99458504
967,27610437,9,0.2022835
968,27611338,4,0.19869554
969,27611704,3,0.34584764
970,27612561,1,0.65870684
971,27612680,0,0.25378093
972,27612827,3,0.16873077
973,27612907,8,0.5660366
974,27613509,1,0.16868189
975,27613895,0,0.06383606
976,27614145,19,0.99267066
977,27614386,1,0.41192818
978,27614652,4,0.65209323
979,27615860,15,0.13657513
980,27616047,4,0.99192435
981,27616751,3,0.9441609
982,27616886,3,0.39004064
983,27617011,0,0.11862959
984,27617056,3,0.38857093
985,27617249,7,0.052808266
986,27617793,2,0.5225155
987,27618138,1,0.07956526
988,27618157,16,0.5284778
989,27618260,0,0.3806157
990,27618365,4,0.21061842
991,27618497,11,0.32403404
992,27618734,1,0.32527423
993,27618756,13,0.09175563
994,27619032,0,0.31257012
995,27619227,0,0.015688961
996,27620334,3,0.23190784
997,27620469,20,0.9948222
998,27620892,4,0.9945829
999,27621200,14,0.7478023
1000,27621804,11,0.9919946
1001,27621953,1,0.69150424
1002,27622108,12,0.3616576
1003,27623277,8,0.18093461
1004,27623376,20,0.99304426
1005,27623486,18,0.5149884
1006,27623532,14,0.4534167
1007,27623725,1,0.2595867
1008,27623751,2,0.7270656
1009,27623760,16,0.985989
1010,27623945,8,0.26751968
1011,27624142,6,0.37909257
1012,27625093,10,0.9942955
1013,27625449,15,0.8487366
1014,27625705,3,0.12886584
1015,27626325,4,0.10483339
1016,27626498,0,0.19516043
1017,27626511,2,0.17066595
1018,27628042,0,0.6195649
1019,27628070,0,0.31741002
1020,27628393,8,0.2280435
1021,27629156,2,0.5555601
1022,27629431,3,0.07551952
1023,27629727,1,0.08805141
1024,27629905,2,0.22603174
1025,27630041,2,0.14822426
1026,27631472,1,0.32212156
1027,27631520,8,0.50308985
1028,27631550,4,0.8485541
1029,27631624,2,0.018134296
1030,27632714,8,0.047598157
1031,27632796,3,0.11200569
1032,27632842,1,0.03343368
1033,27632886,12,0.4498828
1034,27633344,17,0.22442466
1035,27633771,4,0.9929944
1036,27634034,1,0.1581197
1037,27634305,11,0.99243844
1038,27634338,9,0.9615956
1039,27634799,1,0.06029875
1040,27634880,2,0.13527554
1041,27634905,1,0.115288265
1042,27635073,10,0.774709
1043,27635144,0,0.9925579
1044,27635790,5,0.045331456
1045,27636378,11,0.8046489
1046,27636558,3,0.17846082
1047,27636763,16,0.16873223
1048,27637516,3,0.5670047
1049,27637577,3,0.26777935
1050,27638176,3,0.62586343
1051,27638250,1,0.12687054
1052,27638646,4,0.2738225
1053,27639061,3,0.39268973
1054,27639384,0,0.5462392
1055,27639826,3,0.27134758
1056,27639988,13,0.5429283
1057,27640134,9,0.72861904
1058,27641480,3,0.120102674
1059,27642003,1,0.09165041
1060,27642330,15,0.12842323
1061,27642699,12,0.94601285
1062,27643784,6,0.6433787
1063,27643901,11,0.40358594
1064,27644077,13,0.9909244
1065,27644675,5,0.4215519
1066,27644702,2,0.3823238
1067,27644855,4,0.6078196
1068,27645367,9,0.83127975
1069,27645456,1,0.45021024
1070,27645763,10,0.6566267
1071,27646139,4,0.99328935
1072,27646508,14,0.30549642
1073,27646543,0,0.17765391
1074,27646607,3,0.056631096
1075,27647451,7,0.1647608
1076,27647474,4,0.2742506
1077,27647760,7,0.46729383
1078,27648073,7,0.6180169
1079,27648078,16,0.25671527
1080,27648525,14,0.2764021
1081,27648744,1,0.2295643
1082,27649667,4,0.2650329
1083,27649824,3,0.5345865
1084,27649982,14,0.9926691
1085,27650225,2,0.89830756
1086,27650249,10,0.654055
1087,27650462,15,0.1504785
1088,27650514,11,0.06240238
1089,27651148,13,0.3956956
1090,27651178,4,0.67595583
1091,27651955,14,0.99283683
1092,27651975,7,0.29556644
1093,27652573,0,0.18961897
1094,27652926,17,0.99351877
1095,27653010,20,0.99506325
1096,27653173,11,0.092340805
1097,27653361,1,0.11485762
1098,27653616,2,0.53060496
1099,27653736,6,0.64451754
1100,27654398,1,0.046551082
1101,27654842,1,0.65766454
1102,27655308,5,0.35728472
1103,27655319,0,0.30777472
1104,27655678,0,0.09687917
1105,27655704,1,0.2366218
1106,27655998,1,0.14371929
1107,27656399,2,0.03134264
1108,27656565,14,0.14811958
1109,27656567,6,0.46791905
1110,27657099,10,0.3406735
1111,27657150,1,0.04363441
1112,27658531,2,0.055113193
1113,27658949,8,0.17836338
1114,27659183,10,0.42457938
1115,27659310,0,0.16356333
1116,27660087,1,0.8304302
1117,27660194,10,0.75454104
1118,27660323,6,0.36068743
1119,27660548,7,0.44231835
1120,27660632,13,0.9160939
1121,27660667,7,0.32086226
1122,27660811,3,0.17960615
1123,27660844,4,0.14787444
1124,27660855,3,0.35159475
1125,27662437,7,0.62424743
1126,27663493,2,0.11784071
1127,27664877,14,0.89828813
1128,27665231,3,0.1001385
1129,27665545,11,0.99277985
1130,27665550,3,0.2830525
1131,27665747,0,0.5203672
1132,27665996,3,0.906031
1133,27666303,6,0.28620014
1134,27667368,1,0.49408484
1135,27667560,0,0.42444375
1136,27668006,0,0.9892925
1137,27668722,2,0.4457535
1138,27668791,2,0.73136437
1139,27669157,6,0.17687905
1140,27669294,7,0.06829782
1141,27669305,3,0.54066426
1142,27669322,3,0.2326936
1143,27669669,20,0.99461657
1144,27670138,1,0.18215998
1145,27670600,1,0.24412532
1146,27670653,1,0.085776195
1147,27671016,2,0.23695865
1148,27671177,14,0.68038917
1149,27671656,3,0.13971315
1150,27673404,3,0.2939251
1151,27676379,4,0.11736212
1152,27676724,1,0.21690981
1153,27677346,16,0.9928376
1154,27677517,3,0.60921097
1155,27677676,1,0.740519
1156,27677842,0,0.39718395
1157,27678020,2,0.057977505
1158,27678044,1,0.13350314
1159,27678317,1,0.6311064
1160,27679696,5,0.9590655
1161,27680099,2,0.32272172
1162,27680598,3,0.7829304
1163,27680876,2,0.12663828
1164,27681017,16,0.87288356
1165,27681567,5,0.03738093
1166,27681813,2,0.33603436
1167,27682280,9,0.016961593
1168,27682293,19,0.43248916
1169,27683067,4,0.37401128
1170,27683158,1,0.29247674
1171,27683416,3,0.6495049
1172,27683502,3,0.30514345
1173,27683651,3,0.8950347
1174,27683791,15,0.9952302
1175,27683811,1,0.03017132
1176,27684099,9,0.20842735
1177,27685187,6,0.11031355
1178,27686487,10,0.31427357
1179,27686952,2,0.98941123
1180,27687042,5,0.9024575
1181,27687951,9,0.04550634
1182,27688111,1,0.42725897
1183,27688423,6,0.78841066
1184,27688460,9,0.9898608
1185,27688476,14,0.67270976
1186,27689092,3,0.099660225
1187,27689386,3,0.92437786
1188,27689393,0,0.5286748
1189,27689491,1,0.28161386
1190,27689542,14,0.35694754
1191,27690050,13,0.6850037
1192,27690079,4,0.9863889
1193,27690568,7,0.256359
1194,27691994,10,0.029767444
1195,27692319,4,0.99319124
1196,27692419,14,0.6413489
1197,27692572,2,0.8623759
1198,27692888,2,0.26548678
1199,27693393,13,0.41782564
1200,27693948,0,0.1454877
1201,27694287,1,0.33179873
1202,27694392,0,0.5760115
1203,27694728,3,0.19897586
1204,27694780,6,0.25411013
1205,27694930,16,0.40260416
1206,27695327,0,0.08779929
1207,27695342,8,0.028440425
1208,27695358,2,0.06210422
1209,27695680,0,0.28092107
1210,27696493,1,0.53317547
1211,27696737,8,0.11371103
1212,27697474,19,0.76427114
1213,27697561,0,0.26630622
1214,27697751,3,0.5650168
1215,27698061,4,0.27055892
1216,27698544,1,0.042049244
1217,27698735,3,0.04108075
1218,27698916,0,0.031195536
1219,27698942,1,0.08598372
1220,27699206,8,0.0689276
1221,27699251,0,0.58437604
1222,27699590,4,0.14466071
1223,27701245,0,0.7936692
1224,27702924,12,0.7011017
1225,27703342,4,0.4908343
1226,27703402,12,0.013062145
1227,27703571,10,0.04363
1228,27703744,6,0.21784864
1229,27703752,1,0.4287111
1230,27705854,8,0.2291008
1231,27706576,9,0.91115916
1232,27706588,3,0.53368825
1233,27706911,8,0.2595965
1234,27707823,1,0.32640547
1235,27708057,3,0.12962389
1236,27708714,0,0.05409867
1237,27708808,13,0.57877326
1238,27709987,9,0.24459045
1239,27710899,16,0.99338233
1240,27710934,0,0.3155912
1241,27711225,3,0.11283628
1242,27712587,8,0.4856214
1243,27713074,3,0.9305007
1244,27713123,8,0.96507907
1245,27714135,3,0.79032105
1246,27714497,20,0.9924376
1247,27714651,6,0.99338377
1248,27715026,3,0.1851271
1249,27715398,4,0.21635015
1250,27716016,0,0.10166782
1251,27716187,17,0.99356234
1252,27716352,3,0.2758571
1253,27717972,19,0.99594545
1254,27718023,0,0.52832603
1255,27718505,1,0.30125982
1256,27718772,1,0.69376475
1257,27719897,5,0.9877793
1258,27719962,17,0.6236393
1259,27720129,1,0.20841287
1260,27720181,11,0.9939326
1261,27720895,0,0.15567803
1262,27721550,7,0.19305156
1263,27721600,8,0.592494
1264,27721673,14,0.17340782
1265,27721721,6,0.789433
1266,27721784,0,0.60231155
1267,27722201,1,0.41959426
1268,27722881,12,0.04641524
1269,27723749,13,0.34095863
1270,27723905,6,0.6481061
1271,27723907,0,0.44542027
1272,27725659,9,0.6203466
1273,27725792,17,0.07051564
1274,27726295,1,0.23440692
1275,27726775,3,0.6332621
1276,27727240,13,0.80373484
1277,27727312,3,0.029135898
1278,27729000,2,0.32329446
1279,27729085,2,0.4331569
1280,27729252,1,0.99482304
1281,27729641,3,0.9407579
1282,27730636,2,0.09744079
1283,27731485,1,0.22278641
1284,27732552,11,0.17696111
1285,27732923,15,0.25988382
1286,27733154,3,0.31281623
1287,27733749,10,0.1995815
1288,27734289,4,0.07178662
1289,27734402,8,0.5233414
1290,27734513,0,0.89630586
1291,27734729,0,0.4279728
1292,27736157,2,0.90552676
1293,27736701,7,0.6740169
1294,27736955,0,0.08517038
1295,27737333,1,0.13590007
1296,27737795,3,0.2279833
1297,27737807,5,0.7988547
1298,27737923,13,0.7282451
1299,27738051,1,0.21388751
1300,27738068,5,0.33469632
1301,27738460,2,0.6299854
1302,27740919,7,0.2762285
1303,27741201,1,0.41002578
1304,27741202,1,0.5186353
1305,27741956,15,0.4279182
1306,27742121,1,0.33527592
1307,27742195,3,0.08614562
1308,27742350,0,0.0409217
1309,27742373,4,0.8344093
1310,27742630,0,0.031925473
1311,27742821,0,0.98711836
1312,27743356,3,0.79081386
1313,27743686,0,0.9284956
1314,27744105,6,0.6374279
1315,27744219,4,0.84825414
1316,27744233,14,0.6857134
1317,27744641,5,0.9897538
1318,27744673,15,0.9932413
1319,27745564,6,0.65570736
1320,27745773,2,0.03836606
1321,27746055,3,0.11086825
1322,27746771,12,0.99429494
1323,27746786,12,0.9933379
1324,27747996,10,0.3781947
1325,27748242,14,0.07481759
1326,27748824,7,0.40196872
1327,27749081,0,0.20832135
1328,27749392,0,0.5660138
1329,27749441,6,0.9910937
1330,27749796,6,0.21512945
1331,27750105,1,0.08648295
1332,27751685,1,0.26419565
1333,27751698,1,0.2258246
1334,27752009,1,0.049811047
1335,27752082,13,0.99225265
1336,27752357,20,0.99495906
1337,27752744,1,0.6204191
1338,27753022,7,0.4549211
1339,27753194,6,0.99385333
1340,27754397,7,0.065959714
1341,27754446,8,0.07087652
1342,27754781,11,0.9682156
1343,27755168,3,0.85269636
1344,27755647,2,0.9927821
1345,27755951,16,0.9927803
1346,27755975,0,0.169154
1347,27756035,6,0.5777581
1348,27756221,2,0.18258758
1349,27756568,10,0.21292302
1350,27757318,3,0.99393046
1351,27757471,1,0.7132533
1352,27759568,9,0.03747862
1353,27759877,4,0.29065955
1354,27760149,3,0.4802312
1355,27760426,0,0.99083674
1356,27760552,3,0.23047361
1357,27760732,1,0.26932102
1358,27760981,19,0.761332
1359,27761213,0,0.43975028
1360,27761669,18,0.9899721
1361,27761762,8,0.3610325
1362,27761899,4,0.03451647
1363,27761922,1,0.3049896
1364,27762482,11,0.30775833
1365,27763528,12,0.8011423
1366,27764968,1,0.50423926
1367,27765612,1,0.5225449
1368,27765805,2,0.51184016
1369,27766173,2,0.5790697
1370,27766178,2,0.99206
1371,27766200,3,0.39142245
1372,27766286,13,0.62573844
1373,27766634,1,0.31720018
1374,27766879,8,0.98793095
1375,27768063,3,0.048535213
1376,27768206,14,0.4564909
1377,27768229,7,0.6820552
1378,27768380,1,0.11117988
1379,27768391,7,0.99125934
1380,27768522,1,0.111849196
1381,27768715,13,0.9319381
1382,27769207,1,0.542628
1383,27769714,9,0.3654818
1384,27769797,14,0.14682853
1385,27770762,4,0.5775876
1386,27771058,0,0.3974161
1387,27771196,8,0.021003837
1388,27771331,0,0.50787956
1389,27771784,6,0.90135366
1390,27771865,6,0.9926143
1391,27772674,3,0.50236565
1392,27773614,1,0.3303869
1393,27773678,1,0.15063357
1394,27773722,0,0.24284934
1395,27774519,3,0.9880888
1396,27775720,4,0.17965268
1397,27775803,0,0.14660034
1398,27775984,2,0.05148225
1399,27776171,7,0.7078418
1400,27776422,15,0.2572745
1401,27776603,14,0.6676396
1402,27776794,3,0.98852223
1403,27776907,7,0.80970883
1404,27776910,14,0.4489552
1405,27777016,4,0.11662774
1406,27777102,10,0.03610033
1407,27777170,5,0.35307482
1408,27777427,1,0.04335375
1409,27777558,17,0.98093593
1410,27777603,5,0.018016994
1411,27777712,9,0.21566916
1412,27778115,0,0.49206483
1413,27778231,3,0.33596945
1414,27778368,15,0.99218947
1415,27779321,6,0.93825614
1416,27779404,0,0.99407995
1417,27779444,0,0.5812863
1418,27779702,0,0.6141501
1419,27780501,0,0.20554338
1420,27780592,1,0.21379384
1421,27780748,9,0.5290107
1422,27780827,1,0.13839063
1423,27781291,0,0.1473979
1424,27781405,3,0.50171816
1425,27782044,2,0.19063772
1426,27782940,5,0.22185186
1427,27783097,3,0.48685843
1428,27783350,10,0.38691565
1429,27784172,11,0.6178576
1430,27784873,18,0.99109507
1431,27785790,0,0.22452138
1432,27785853,0,0.39423496
1433,27786249,3,0.3435834
1434,27786291,1,0.03889072
1435,27786590,14,0.9902785
1436,27787497,1,0.34427115
1437,27787906,0,0.10740141
1438,27787956,17,0.108103834
1439,27787973,3,0.66369027
1440,27788142,1,0.16690227
1441,27788427,1,0.23434968
1442,27790487,19,0.9943955
1443,27790522,1,0.2560851
1444,27791144,0,0.25522086
1445,27791169,13,0.9936014
1446,27791362,11,0.044802874
1447,27791364,0,0.9946162
1448,27792137,1,0.19867378
1449,27792780,9,0.4047771
1450,27793144,14,0.30731913
1451,27793568,2,0.14546734
1452,27793676,1,0.08503388
1453,27793684,16,0.8493106
1454,27794068,3,0.99141663
1455,27794081,14,0.91207176
1456,27794108,3,0.03734996
1457,27794223,4,0.055489197
1458,27794263,1,0.09192065
1459,27794381,3,0.8659393
1460,27794611,3,0.21437441
1461,27794742,1,0.66506636
1462,27795701,3,0.23128597
1463,27795726,1,0.119299196
1464,27796364,4,0.089210965
1465,27796510,1,0.4464147
1466,27796974,0,0.2735229
1467,27798174,3,0.14219858
1468,27798219,1,0.7373421
1469,27798289,3,0.22669688
1470,27798341,1,0.4858987
1471,27798722,4,0.35771576
1472,27798730,6,0.99231523
1473,27798823,0,0.38591617
1474,27798906,1,0.18135004
1475,27799038,3,0.832105
1476,27799048,7,0.48833093
1477,27799085,5,0.044459127
1478,27799314,3,0.23737213
1479,27799763,1,0.6641217
1480,27799834,20,0.9947069
1481,27799920,0,0.8132488
1482,27801735,1,0.41450647
1483,27801847,4,0.08817373
1484,27802069,14,0.04438732
1485,27802446,7,0.014559518
1486,27802454,6,0.65758526
1487,27802570,12,0.99231476
1488,27802781,0,0.2112874
1489,27803576,11,0.9889173
1490,27803787,4,0.8799341
1491,27804067,11,0.12644698
1492,27804215,4,0.4282901
1493,27804911,3,0.04673438
1494,27805500,1,0.30993244
1495,27805887,6,0.029508129
1496,27806383,1,0.4239383
1497,27806385,3,0.15203226
1498,27806594,0,0.045933183
1499,27806641,3,0.54191864
1500,27807162,12,0.64713305
1501,27807521,14,0.9927818
1502,27807796,16,0.5189487
1503,27808258,5,0.19547415
1504,27810033,15,0.04991607
1505,27810802,8,0.9908352
1506,27811060,4,0.6470162
1507,27811711,10,0.96787506
1508,27812142,13,0.36565658
1509,27812347,11,0.9324763
1510,27812406,8,0.71917343
1511,27812530,8,0.41061872
1512,27812531,0,0.2673362
1513,27812586,2,0.08468579
1514,27813022,4,0.14035372
1515,27813390,1,0.5347184
1516,27813599,6,0.696522
1517,27814657,0,0.7401386
1518,27815033,18,0.98823595
1519,27815131,13,0.2836042
1520,27815525,17,0.5378413
1521,27816055,2,0.2734808
1522,27817780,0,0.7495486
1523,27817925,18,0.9939694
1524,27818984,14,0.23795919
1525,27818989,10,0.5790033
1526,27819344,0,0.081182055
1527,27819740,7,0.16897409
1528,27820159,3,0.18008965
1529,27820849,2,0.5842415
1530,27820857,0,0.41374442
1531,27821210,12,0.5614495
1532,27821288,3,0.20760477
1533,27821359,9,0.9928899
1534,27821385,1,0.16041517
1535,27821419,3,0.6209215
1536,27821673,7,0.082036704
1537,27822189,13,0.11414751
1538,27822302,0,0.068786316
1539,27823893,1,0.30979607
1540,27823981,2,0.19077565
1541,27824066,0,0.122361444
1542,27824163,8,0.27626345
1543,27824334,3,0.32058474
1544,27824925,3,0.45829707
1545,27824969,2,0.38892412
1546,27825443,0,0.10103545
1547,27826087,5,0.48081413
1548,27826313,13,0.9953055
1549,27826436,12,0.9943291
1550,27826671,8,0.6014213
1551,27827387,0,0.87939346
1552,27828791,10,0.60769594
1553,27828958,13,0.91172063
1554,27828996,9,0.99255073
1555,27829875,1,0.28145024
1556,27830025,4,0.65518737
1557,27830257,3,0.33686656
1558,27830991,4,0.18973964
1559,27831569,0,0.547161
1560,27831827,0,0.32940537
1561,27831866,8,0.05752744
1562,27831982,4,0.08977944
1563,27831992,6,0.8975695
1564,27832073,4,0.19265336
1565,27832159,5,0.92568463
1566,27832181,5,0.9931462
1567,27832198,3,0.37914145
1568,27832736,3,0.80312914
1569,27834480,3,0.107906796
1570,27834716,3,0.22566946
1571,27834754,16,0.070713446
1572,27834836,0,0.45208687
1573,27834842,1,0.28552696
1574,27835851,0,0.22099702
1575,27836684,5,0.16653632
1576,27837017,1,0.0956968
1577,27837093,0,0.30073237
1578,27837176,2,0.24898037
1579,27837821,2,0.524049
1580,27837917,4,0.0862322
1581,27838489,12,0.9950639
1582,27838742,16,0.9948779
1583,27838809,1,0.69364434
1584,27840085,0,0.9934276
1585,27840131,13,0.081034616
1586,27840175,8,0.6310439
1587,27840666,4,0.2437767
1588,27840838,9,0.61100715
1589,27841784,10,0.7523835
1590,27842161,16,0.7763959
1591,27842329,1,0.43351042
1592,27843267,1,0.22719495
1593,27843457,1,0.22123432
1594,27844448,0,0.37835956
1595,27845220,1,0.10920235
1596,27845744,15,0.99356085
1597,27845771,0,0.31513792
1598,27845854,1,0.29096827
1599,27846331,4,0.46675706
1600,27846337,5,0.09096373
1601,27846748,7,0.25074214
1602,27847809,7,0.40487772
1603,27847822,9,0.8858476
1604,27847836,5,0.36369234
1605,27848007,10,0.41763034
1606,27848155,3,0.9922478
1607,27848238,0,0.25028
1608,27848412,12,0.5742662
1609,27848974,1,0.5388708
1610,27849093,18,0.9783441
1611,27849409,2,0.37060598
1612,27849546,2,0.16737995
1613,27851729,3,0.3620291
1614,27851974,8,0.99117696
1615,27852582,19,0.99319273
1616,27852687,1,0.36075056
1617,27853255,0,0.08643127
1618,27853757,8,0.33814886
1619,27855073,3,0.7462986
1620,27855102,6,0.17447008
1621,27855988,0,0.88157415
1622,27856018,1,0.67569226
1623,27856752,0,0.46243465
1624,27856909,13,0.8910901
1625,27857099,14,0.7831128
1626,27857155,1,0.38312092
1627,27857788,8,0.030978939
1628,27858017,0,0.7003308
1629,27858089,18,0.986768
1630,27858503,3,0.40013897
1631,27858508,0,0.26464558
1632,27859167,0,0.25074536
1633,27859172,1,0.1245018
1634,27859264,4,0.48089817
1635,27859268,1,0.34763357
1636,27859401,0,0.042062152
1637,27859998,13,0.4174966
1638,27860369,3,0.19742364
1639,27860542,1,0.13356832
1640,27861593,5,0.915412
1641,27861606,7,0.99314296
1642,27861652,18,0.9938926
1643,27861731,0,0.96463174
1644,27861771,4,0.8439258
1645,27863204,3,0.17427318
1646,27863934,1,0.5026049
1647,27864317,6,0.07848059
1648,27864600,5,0.05275663
1649,27865227,1,0.18428896
1650,27865242,9,0.14547826
1651,27866068,3,0.24417053
1652,27866498,15,0.99467725
1653,27866504,9,0.27626452
1654,27866833,4,0.9633435
1655,27866868,1,0.46815747
1656,27867086,4,0.79581195
1657,27867770,18,0.99587506
1658,27868059,3,0.18939371
1659,27868316,6,0.07217566
1660,27869148,1,0.07810925
1661,27869181,4,0.49703458
1662,27869664,4,0.9910117
1663,27869761,4,0.5627179
1664,27870908,7,0.9930962
1665,27871172,4,0.989862
1666,27871298,1,0.51225007
1667,27871542,1,0.3519167
1668,27871881,4,0.20354131
1669,27871906,16,0.9919887
1670,27871915,0,0.046683896
1671,27872234,12,0.10286831
1672,27872609,3,0.1317308
1673,27873050,15,0.7268179
1674,27873109,4,0.35703304
1675,27873364,0,0.3158647
1676,27873506,9,0.7021396
1677,27874071,4,0.42851996
1678,27874309,3,0.9918531
1679,27875010,4,0.13801338
1680,27875058,1,0.40168267
1681,27875815,20,0.99074847
1682,27876080,0,0.787896
1683,27876084,1,0.23539439
1684,27876145,3,0.6772449
1685,27876505,1,0.12003249
1686,27876534,8,0.08311874
1687,27876598,3,0.082822725
1688,27877221,1,0.6686803
1689,27878992,13,0.9920596
1690,27879381,1,0.46758398
1691,27879507,8,0.12320252
1692,27880839,4,0.07330923
1693,27881039,6,0.6690909
1694,27881519,1,0.41649166
1695,27881529,1,0.3161274
1696,27882066,2,0.16383545
1697,27882444,1,0.020709263
1698,27882455,2,0.32521933
1699,27882558,1,0.01799276
1700,27883264,4,0.3011409
1701,27884960,4,0.82492125
1702,27885266,8,0.037243627
1703,27885308,1,0.5624163
1704,27886041,5,0.99283594
1705,27887018,11,0.3294441
1706,27887026,15,0.43885946
1707,27887578,1,0.2220948
1708,27887587,17,0.9940087
1709,27887661,0,0.21309707
1710,27887778,2,0.33949324
1711,27887831,4,0.38476878
1712,27887867,8,0.552905
1713,27887876,4,0.18627374
1714,27888348,3,0.43548018
1715,27889529,3,0.13980906
1716,27889585,6,0.99580276
1717,27890332,1,0.18665928
1718,27890470,4,0.40357596
1719,27890602,4,0.9770048
1720,27891353,7,0.9942955
1721,27891554,13,0.24816348
1722,27891581,1,0.18637493
1723,27892235,15,0.46365836
1724,27892236,1,0.29448885
1725,27892411,1,0.23565243
1726,27892522,3,0.13912605
1727,27892857,2,0.10210986
1728,27893178,3,0.14657016
1729,27894019,0,0.15370665
1730,27894149,16,0.88806134
1731,27894158,7,0.08175694
1732,27894902,14,0.48228025
1733,27895988,0,0.3478655
1734,27896225,3,0.048513155
1735,27896576,5,0.5261321
1736,27896578,1,0.27401277
1737,27896781,17,0.9846307
1738,27896785,1,0.46752137
1739,27896851,9,0.99464643
1740,27897214,1,0.13889861
1741,27898317,2,0.25639695
1742,27898362,9,0.3580152
1743,27898506,2,0.9951629
1744,27898665,9,0.8282356
1745,27898905,1,0.049974583
1746,27899087,5,0.015468053
1747,27899295,1,0.22238016
1748,27899384,9,0.94557697
1749,27899941,7,0.7032924
1750,27900080,3,0.46642366
1751,27900096,4,0.2796626
1752,27900133,14,0.1033879
1753,27900888,3,0.568923
1754,27901092,0,0.09011593
1755,27902303,4,0.990832
1756,27902690,13,0.9900739
1757,27903185,11,0.07386861
1758,27903877,3,0.36150044
1759,27903991,4,0.90850824
1760,27905023,8,0.079393275
1761,27905033,10,0.1748902
1762,27905097,3,0.29922113
1763,27905324,8,0.52314717
1764,27905930,3,0.2776233
1765,27905972,1,0.9951143
1766,27906082,19,0.4576922
1767,27906085,4,0.30577937
1768,27906155,1,0.51750135
1769,27907099,4,0.1435989
1770,27907227,3,0.12178016
1771,27908503,8,0.24531953
1772,27908539,0,0.16436712
1773,27908578,10,0.19682331
1774,27909072,10,0.090177245
1775,27909142,1,0.31917024
1776,27909557,14,0.995188
1777,27909710,8,0.98745656
1778,27909876,13,0.6637335
1779,27910092,7,0.34362006
1780,27910818,7,0.28318387
1781,27912013,4,0.9914879
1782,27913270,2,0.88348645
1783,27913319,3,0.86651284
1784,27913358,0,0.1010027
1785,27913563,8,0.2780748
1786,27914462,3,0.92332196
1787,27914587,8,0.029449135
1788,27915270,0,0.6277723
1789,27916503,7,0.9930404
1790,27916672,4,0.07284199
1791,27917118,8,0.77677786
1792,27917468,4,0.10836075
1793,27918168,5,0.6100521
1794,27919226,3,0.15736371
1795,27919317,6,0.051268287
1796,27919332,1,0.08493429
1797,27919735,4,0.8490068
1798,27920091,3,0.34972772
1799,27920399,7,0.24828412
1800,27920607,16,0.977285
1801,27920636,10,0.9898709
1802,27920749,9,0.57937956
1803,27920947,0,0.99572545
1804,27921269,1,0.0760393
1805,27921401,3,0.3487198
1806,27921577,6,0.92615455
1807,27921993,4,0.3323015
1808,27922526,1,0.7357864
1809,27922979,8,0.028547503
1810,27922994,5,0.055617664
1811,27923134,4,0.96821505
1812,27923790,4,0.05106119
1813,27923842,0,0.37438285
1814,27923916,10,0.253221
1815,27924262,0,0.7008699
1816,27924297,0,0.42986196
1817,27924533,2,0.5506596
1818,27925180,1,0.059619218
1819,27925527,2,0.7694909
1820,27926483,0,0.10590295
1821,27926583,1,0.5621151
1822,27926871,6,0.39535314
1823,27927071,2,0.99249643
1824,27927213,4,0.083153754
1825,27928009,2,0.609837
1826,27928244,14,0.9924362
1827,27928393,6,0.614192
1828,27928650,2,0.39770427
1829,27928742,3,0.9076467
1830,27929083,6,0.1876325
1831,27929135,1,0.2217763
1832,27929187,0,0.35494295
1833,27929307,15,0.9943627
1834,27930756,8,0.09418857
1835,27931138,6,0.24006283
1836,27932462,4,0.9931951
1837,27932585,0,0.5763305
1838,27932645,3,0.23283383
1839,27932982,19,0.99446034
1840,27934808,2,0.45334387
1841,27934977,0,0.3909469
1842,27935120,1,0.56426114
1843,27935268,13,0.28163752
1844,27935495,11,0.5037827
1845,27935944,3,0.99613965
1846,27936353,9,0.41104773
1847,27936362,1,0.99125856
1848,27936395,1,0.32989663
1849,27938026,4,0.29610658
1850,27938365,19,0.99498457
1851,27938482,5,0.27011117
1852,27938921,1,0.39572737
1853,27939207,5,0.9442242
1854,27939354,5,0.8264781
1855,27939374,3,0.5033185
1856,27939879,7,0.85546774
1857,27940059,6,0.8019109
1858,27940380,0,0.110536925
1859,27940576,8,0.3261047
1860,27941576,11,0.19744222
1861,27941707,3,0.60754514
1862,27941728,9,0.7981712
1863,27941815,6,0.044996772
1864,27941914,1,0.010020414
1865,27941943,12,0.99237794
1866,27941991,3,0.38440925
1867,27942049,2,0.013946599
1868,27942085,17,0.3538806
1869,27942245,3,0.26661146
1870,27942475,8,0.98952854
1871,27942489,6,0.08680325
1872,27942614,3,0.3470354
1873,27942663,4,0.3660067
1874,27942907,10,0.06971709
1875,27943194,2,0.017866287
1876,27943546,1,0.17313612
1877,27951480,1,0.9915652
1878,27956037,16,0.6482517
1879,27956431,2,0.18098113
1880,27956638,0,0.18284526
1881,27958282,1,0.03623899
1882,27958356,12,0.8647571
1883,27960292,8,0.50459343
1884,27964699,7,0.1755747
1885,27964731,0,0.4867583
1886,27965132,11,0.99461734
1887,27965426,0,0.4856409
1888,27965450,0,0.05348065
1889,27965563,0,0.5775511
1890,27965933,8,0.42601174
1891,27969034,13,0.021897426
1892,27973380,7,0.4213012
1893,27975020,10,0.5471592
1894,27975061,0,0.34372815
1895,27975209,3,0.38844296
1896,27975319,3,0.76605576
1897,27976654,1,0.14051038
1898,27976741,18,0.05907544
1899,27976878,3,0.67877996
1900,27977319,4,0.99027455
1901,27977439,5,0.18368363
1902,27977490,20,0.9846275
1903,27977609,6,0.501971
1904,27977762,9,0.3469704
1905,27978525,0,0.9630194
1906,27978784,11,0.9348294
1907,27979320,0,0.33089462
1908,27980634,2,0.2899843
1909,27980739,20,0.9755593
1910,27981492,1,0.771208
1911,27981855,15,0.9927271
1912,27982304,3,0.43310758
1913,27984052,16,0.1595648
1914,27984098,9,0.10925865
1915,27984219,8,0.14816177
1916,27984742,3,0.97273993
1917,27984919,3,0.25263122
1918,27986757,16,0.1802761
1919,27987038,3,0.64589036
1920,27987144,3,0.8940471
1921,27987651,0,0.074591175
1922,27987734,4,0.12783246
1923,27987927,0,0.99393
1924,27988278,11,0.89628404
1925,27988342,1,0.050413195
1926,27988640,14,0.9230467
1927,27989147,6,0.13599148
1928,27989819,0,0.9933796
1929,27989992,1,0.27426556
1930,27990563,9,0.2776303
1931,27991454,1,0.077434465
1932,27991947,14,0.43898803
1933,27992983,1,0.20854121
1934,27993018,0,0.26403326
1935,27993470,10,0.79725784
1936,27993519,0,0.16401184
1937,27993971,13,0.993647
1938,27994143,10,0.88079005
1939,27994293,1,0.036950655
1940,27994448,5,0.33497855
1941,27994640,0,0.27657127
1942,27994743,0,0.50669116
1943,27994913,3,0.0989728
1944,27995352,1,0.9208471
1945,27995377,0,0.23063266
1946,27995510,4,0.13735138
1947,27995969,4,0.06530507
1948,27997288,1,0.46401027
1949,27997759,4,0.9934288
1950,27998307,9,0.107230656
1951,27999011,3,0.07202219
1952,27999083,5,0.42818937
1953,27999200,8,0.18867834
1954,27999240,3,0.83830655
1955,28000019,16,0.99218875
1956,28000391,1,0.03725626
1957,28000514,2,0.14278086
1958,28002021,0,0.34784088
1959,28002035,6,0.14214146
1960,28002085,1,0.8743714
1961,28002428,3,0.309738
1962,28002493,4,0.3490554
1963,28002643,8,0.8113367
1964,28002691,6,0.20296262
1965,28002695,4,0.3709516
1966,28003168,0,0.37426051
1967,28003464,3,0.99372774
1968,28003476,0,0.8652339
1969,28003511,10,0.58289987
1970,28003943,6,0.03109526
1971,28004130,3,0.17488638
1972,28004225,0,0.34838614
1973,28004480,4,0.058925312
1974,28005193,3,0.2116724
1975,28005254,18,0.9915681
1976,28005403,14,0.6445731
1977,28005982,1,0.05789575
1978,28006726,2,0.120558836
1979,28007677,11,0.9695751
1980,28007859,2,0.97276354
1981,28008174,6,0.16274521
1982,28008561,1,0.10736801
1983,28009049,3,0.055385284
1984,28009593,11,0.5764083
1985,28009695,8,0.048815224
1986,28010062,0,0.4553695
1987,28010143,2,0.12203631
1988,28011044,1,0.50022286
1989,28011059,1,0.3471906
1990,28011275,1,0.046639767
1991,28012091,4,0.36048126
1992,28012388,4,0.14897887
1993,28013205,7,0.9927815
1994,28013256,15,0.54882944
1995,28013377,15,0.87821007
1996,28017476,1,0.39408082
1997,28017917,7,0.016074574
1998,28018203,13,0.8477806
1999,28018523,8,0.029500443
2000,28018693,4,0.036954828
2001,28018968,1,0.25051
2002,28019021,3,0.30825582
2003,28024227,1,0.021688143
2004,28024592,15,0.20794559
2005,28024987,0,0.018644277
2006,28025021,12,0.7687645
2007,28025023,1,0.2530974
2008,28026030,1,0.15067057
2009,28026207,1,0.27605006
2010,28026871,1,0.34422716
2011,28026981,9,0.02009919
2012,28027117,0,0.38909948
2013,28027163,6,0.053071372
2014,28027760,11,0.02417148
2015,28028083,1,0.22168735
2016,28028852,0,0.025616068
2017,28031240,4,0.459049
2018,28032216,6,0.06467086
2019,28032366,6,0.31149182
2020,28033191,20,0.98267555
2021,28033725,2,0.052082714
2022,28034384,1,0.031507745
2023,28035391,16,0.9022045
2024,28035480,2,0.9887891
2025,28035661,8,0.76596427
2026,28035718,3,0.53916836
2027,28036301,0,0.53407866
2028,28038326,3,0.3014463
2029,28039284,5,0.30226773
2030,28039389,1,0.8816535
2031,28040133,3,0.1312324
2032,28040320,14,0.07042483
2033,28040771,4,0.17183256
2034,28041848,13,0.15809616
2035,28042104,0,0.99360245
2036,28042600,11,0.17248084
2037,28042936,1,0.24015805
2038,28042952,1,0.081431486
2039,28043566,2,0.79138374
2040,28043654,12,0.54382116
2041,28043783,11,0.86162144
2042,28044140,7,0.030686993
2043,28044446,7,0.454939
2044,28045933,0,0.38140273
2045,28046142,2,0.14800546
2046,28049415,0,0.0358864
2047,28049831,4,0.9930448
2048,28050352,1,0.24069035
2049,28050680,15,0.6925931
2050,28050885,11,0.73599684
2051,28051263,6,0.14012688
2052,28051899,6,0.22514081
2053,28053186,3,0.3188946
2054,28053655,0,0.19275503
2055,28053798,10,0.6317256
2056,28054422,8,0.7224281
2057,28054712,7,0.09841903
2058,28054956,2,0.14417115
2059,28055142,9,0.9936908
2060,28055203,0,0.40895754
2061,28055578,3,0.30712503
2062,28055920,8,0.15389481
2063,28056024,1,0.3246706
2064,28056087,3,0.6411412
2065,28056376,9,0.072770365
2066,28056901,8,0.14369565
2067,28057994,1,0.28135195
2068,28058039,2,0.71545976
2069,28058258,4,0.9305232
2070,28058375,5,0.11062482
2071,28058834,0,0.8763311
2072,28059412,13,0.97783077
2073,28060311,16,0.8650379
2074,28061895,8,0.4695138
2075,28062126,2,0.6311084
2076,28062147,1,0.7477475
2077,28062192,7,0.14277731
2078,28062520,4,0.027046578
2079,28062652,0,0.40919578
2080,28063101,0,0.023259096
2081,28063273,14,0.9919945
2082,28063305,0,0.36351177
2083,28063657,10,0.99377114
2084,28063948,3,0.16686338
2085,28064005,0,0.16868067
2086,28064483,2,0.98694474
2087,28065172,7,0.09728867
2088,28065421,14,0.5873609
2089,28065558,6,0.18112159
2090,28065623,1,0.03747867
2091,28066382,3,0.16598749
2092,28066530,9,0.1240412
2093,28066591,1,0.28431502
2094,28066805,8,0.18302757
2095,28067006,9,0.2113281
2096,28067119,7,0.7990779
2097,28067647,0,0.10760909
2098,28067693,14,0.028160412
2099,28067703,6,0.41461354
2100,28068437,1,0.7072575
2101,28068639,7,0.24503943
2102,28068656,14,0.9950618
2103,28068871,20,0.99490434
2104,28069279,11,0.9699265
2105,28069300,4,0.13200061
2106,28069555,3,0.9930448
2107,28069611,9,0.17566437
2108,28070275,13,0.06413219
2109,28070281,7,0.9453934
2110,28070315,12,0.9892943
2111,28070679,4,0.31928083
2112,28070803,1,0.5904973
2113,28070808,2,0.9313729
2114,28070811,6,0.1427139
2115,28071018,17,0.040814083
2116,28071754,1,0.041857358
2117,28072457,5,0.38283706
2118,28072576,8,0.66869265
2119,28072584,8,0.07690335
2120,28072649,1,0.47364467
2121,28073509,16,0.9938497
2122,28073595,18,0.9926713
2123,28074147,9,0.99266773
2124,28074357,1,0.22193335
2125,28074666,13,0.14449912
2126,28075235,3,0.23293689
2127,28075453,3,0.4841629
2128,28075493,13,0.5867323
2129,28076405,2,0.22893892
2130,28077027,5,0.95557034
2131,28077046,1,0.100034684
2132,28077112,7,0.82117116
2133,28077286,2,0.080184795
2134,28077289,13,0.8162153
2135,28077772,0,0.9271669
2136,28077898,8,0.41649997
2137,28077924,1,0.5370773
2138,28078046,10,0.9886597
2139,28078640,9,0.44944903
2140,28079476,3,0.49121422
2141,28080032,18,0.99381196
2142,28080157,1,0.69368505
2143,28081044,6,0.1464221
2144,28081533,1,0.99503773
2145,28081741,8,0.11475143
2146,28082609,0,0.97998774
2147,28082632,9,0.9880844
2148,28083444,8,0.077855945
2149,28083494,1,0.22768097
2150,28084862,11,0.8455307
2151,28084988,11,0.6255776
2152,28085530,19,0.9934273
2153,28086838,6,0.992782
2154,28087237,1,0.4690581
2155,28087473,16,0.9927276
2156,28087491,0,0.99272156
2157,28087508,1,0.10941588
2158,28087919,1,0.17686875
2159,28088045,2,0.7531724
2160,28088218,6,0.01572298
2161,28088240,1,0.30428186
2162,28088318,0,0.50902724
2163,28088402,5,0.995483
2164,28088903,12,0.13947569
2165,28089452,0,0.99027604
2166,28089587,3,0.7186826
2167,28089781,16,0.1002031
2168,28090727,1,0.041791007
2169,28091359,6,0.91966
2170,28091653,16,0.99109244
2171,28092112,10,0.81065375
2172,28092340,6,0.1381534
2173,28092486,3,0.8011089
2174,28092734,2,0.3240529
2175,28092835,0,0.4302142
2176,28092840,4,0.8459304
2177,28093376,11,0.4623243
2178,28093505,6,0.4151992
2179,28093575,2,0.2177893
2180,28093699,13,0.76170653
2181,28094445,10,0.18194656
2182,28094646,10,0.66652256
2183,28096034,7,0.38129342
2184,28096951,11,0.11614338
2185,28096973,3,0.17190243
2186,28096993,7,0.74973094
2187,28097027,14,0.2490536
2188,28097040,11,0.6884394
2189,28097130,5,0.16186781
2190,28097208,7,0.13791448
2191,28097508,16,0.6606839
2192,28097611,10,0.45272496
2193,28097766,10,0.56101936
2194,28098048,5,0.50705343
2195,28098263,17,0.067540914
2196,28098510,7,0.5230494
2197,28099123,6,0.9302908
2198,28099237,9,0.3568217
2199,28099754,1,0.34789717
2200,28099853,3,0.40246913
2201,28101466,0,0.36747828
2202,28101482,11,0.76136225
2203,28101523,13,0.9935191
2204,28102165,15,0.40754783
2205,28102322,0,0.38140655
2206,28103546,7,0.09088404
2207,28103582,8,0.11965415
2208,28103841,6,0.051803853
2209,28103878,0,0.2484108
2210,28103883,1,0.29322305
2211,28103941,4,0.7610418
2212,28104084,1,0.38383257
2213,28104446,7,0.7851028
2214,28104952,2,0.4777188
2215,28105138,7,0.55985945
2216,28105644,12,0.59409475
2217,28105970,0,0.18779181
2218,28106001,10,0.6022035
2219,28106239,4,0.10558902
2220,28106838,3,0.14841758
2221,28107427,3,0.20944092
2222,28107521,4,0.12460484
2223,28107548,2,0.015451953
2224,28107706,0,0.22635286
2225,28108302,1,0.12454421
2226,28108399,8,0.8457773
2227,28108610,3,0.19034386
2228,28108802,1,0.7492186
2229,28108814,12,0.85369456
2230,28109317,4,0.1492918
2231,28110058,5,0.85854304
2232,28110078,4,0.22425072
2233,28110451,3,0.043185536
2234,28110669,0,0.88520247
2235,28110694,9,0.25413728
2236,28110936,1,0.10416023
2237,28110975,1,0.4060031
2238,28111056,1,0.28817615
2239,28111379,4,0.3470758
2240,28111709,16,0.46543175
2241,28112192,13,0.9882331
2242,28112685,4,0.20320562
2243,28113047,3,0.25077766
2244,28113116,5,0.11494124
2245,28113347,0,0.42655894
2246,28113808,1,0.010492539
2247,28115057,4,0.5995534
2248,28115485,16,0.9951619
2249,28116177,2,0.4716807
2250,28116357,0,0.96275324
2251,28117535,1,0.11641208
2252,28117698,1,0.19196062
2253,28117729,0,0.27443662
2254,28117911,0,0.3439491
2255,28117965,0,0.45341176
2256,28118085,6,0.2814922
2257,28118389,8,0.06499746
2258,28118773,20,0.9924976
2259,28118814,0,0.2139833
2260,28119222,0,0.9867662
2261,28119436,0,0.1010604
2262,28120334,9,0.07988781
2263,28120398,1,0.36555463
2264,28121531,11,0.4631852
2265,28121532,2,0.27647915
2266,28121552,19,0.9608367
2267,28121744,0,0.5600961
2268,28122051,5,0.115503855
2269,28122459,4,0.98904055
2270,28122499,4,0.89485025
2271,28122925,17,0.9934303
2272,28123107,4,0.8799227
2273,28123213,1,0.0901401
2274,28123242,8,0.7175485
2275,28123271,5,0.10105568
2276,28123739,8,0.12818374
2277,28124578,6,0.13695073
2278,28124696,0,0.15372865
2279,28125006,1,0.027714107
2280,28125165,0,0.2507488
2281,28125454,13,0.07773658
2282,28125734,3,0.99389243
2283,28125819,1,0.33904168
2284,28126550,9,0.06284576
2285,28126583,1,0.23330213
2286,28126597,0,0.614412
2287,28127340,4,0.25793877
2288,28127394,3,0.2263073
2289,28127757,3,0.9933828
2290,28127853,0,0.068768784
2291,28127863,9,0.3994912
2292,28128305,16,0.99171114
2293,28128937,4,0.9922526
2294,28128970,4,0.058590528
2295,28129043,3,0.3644136
2296,28129335,5,0.05832049
2297,28130086,9,0.51916784
2298,28130212,11,0.990925
2299,28130404,3,0.7093078
2300,28131428,5,0.3227441
2301,28131601,1,0.020231025
2302,28131783,16,0.9934743
2303,28132082,1,0.89728063
2304,28132389,0,0.16286547
2305,28132765,0,0.5204403
2306,28132824,13,0.2648722
2307,28133624,14,0.11851279
2308,28133644,9,0.7798789
2309,28134415,6,0.6477919
2310,28134554,1,0.08810223
2311,28134776,0,0.06427531
2312,28135569,12,0.7183333
2313,28135680,0,0.19690302
2314,28135997,14,0.40398797
2315,28137262,6,0.17756826
2316,28137449,0,0.44712344
2317,28137537,1,0.09486216
2318,28137551,11,0.04641853
2319,28138631,1,0.117962934
2320,28138777,3,0.21085939
2321,28138939,2,0.57634443
2322,28139069,1,0.09145304
2323,28139296,12,0.989295
2324,28140366,8,0.088962644
2325,28141713,6,0.040807385
2326,28141819,8,0.794494
2327,28141942,17,0.7766585
2328,28143537,15,0.9939314
2329,28143560,3,0.23167041
2330,28143831,9,0.77207124
2331,28144096,1,0.3341995
2332,28144442,0,0.7053841
2333,28144564,0,0.994189
2334,28144784,13,0.3758019
2335,28145564,1,0.50650895
2336,28145617,14,0.21692578
2337,28146639,3,0.48501003
2338,28147376,1,0.9073954
2339,28148284,7,0.08230274
2340,28148830,1,0.15875697
2341,28149055,3,0.99376804
2342,28149400,14,0.19408041
2343,28149591,20,0.98167354
2344,28150347,7,0.4040962
2345,28150378,1,0.063383736
2346,28152029,0,0.58262134
2347,28152097,6,0.20932493
2348,28153157,1,0.37974
2349,28153230,1,0.07840742
2350,28153991,1,0.14377333
2351,28155918,3,0.22612722
2352,28157408,12,0.50471395
2353,28157737,16,0.9928873
2354,28158194,13,0.46459532
2355,28158248,12,0.01510248
2356,28158316,1,0.31714916
2357,28159030,15,0.05998972
2358,28159133,1,0.051844615
2359,28159418,0,0.050766136
2360,28159606,3,0.47447595
2361,28159617,13,0.9935184
2362,28160133,4,0.2590545
2363,28160280,3,0.21108548
2364,28160457,1,0.12341394
2365,28161405,9,0.5115882
2366,28161688,1,0.062922575
2367,28161910,1,0.91355246
2368,28162764,1,0.14504799
2369,28162781,20,0.99436045
2370,28163288,4,0.12106875
2371,28163489,9,0.12244351
2372,28163575,1,0.18509026
2373,28164568,8,0.9559513
2374,28165155,6,0.17110032
2375,28165368,1,0.34143928
2376,28165579,11,0.37064716
2377,28165762,14,0.99530554
2378,28166079,4,0.076476984
2379,28166262,3,0.08985226
2380,28166581,17,0.9928894
2381,28166728,9,0.68074065
2382,28166758,8,0.9956885
2383,28166877,1,0.3950225
2384,28167269,7,0.30651742
2385,28167893,9,0.5903263
2386,28168230,6,0.9936884
2387,28168514,1,0.01688711
2388,28168637,11,0.39890522
2389,28169040,15,0.4824457
2390,28169126,16,0.99377084
2391,28169492,13,0.9925563
2392,28171696,1,0.20041744
2393,28171748,12,0.98986214
2394,28175980,1,0.47061333
2395,28176637,3,0.19270983
2396,28177546,13,0.46329266
2397,28177801,2,0.9921896
2398,28177993,15,0.40478382
2399,28179001,4,0.50422084
2400,28179308,3,0.16109297
2401,28179399,2,0.05499737
2402,28179478,6,0.10017419
2403,28179560,1,0.099545926
2404,28179690,6,0.08473055
2405,28179911,10,0.032186925
2406,28179929,8,0.06368247
2407,28179938,14,0.49418473
2408,28180050,16,0.43153194
2409,28180235,1,0.19937168
2410,28181464,0,0.5976238
2411,28181519,3,0.12954126
2412,28181679,8,0.6850302
2413,28181688,3,0.03513522
2414,28182076,1,0.4616078
2415,28182129,3,0.3715793
2416,28182581,8,0.1394218
2417,28183116,3,0.98090667
2418,28183596,18,0.15568131
2419,28183806,3,0.08324883
2420,28183822,11,0.9922524
2421,28184394,2,0.0557622
2422,28185777,19,0.72292525
2423,28186107,13,0.9933348
2424,28186384,1,0.50898635
2425,28186729,1,0.09461459
2426,28186998,0,0.49338937
2427,28187389,10,0.20720612
2428,28187742,0,0.8068757
2429,28189069,2,0.057173222
2430,28189277,6,0.13075908
2431,28189379,11,0.29100063
2432,28190150,4,0.48033056
2433,28190392,9,0.08290815
2434,28190724,3,0.3969327
2435,28190742,0,0.6729739
2436,28190791,14,0.04871311
2437,28191544,5,0.15197915
2438,28191654,1,0.5238888
2439,28192066,3,0.020224748
2440,28192171,1,0.10306487
2441,28192718,1,0.40209335
2442,28193091,1,0.431836
2443,28193167,7,0.12689346
2444,28193730,13,0.9940811
2445,28194519,14,0.9936883
2446,28194562,0,0.7478389
2447,28194574,1,0.10933301
2448,28194801,0,0.81783915
2449,28195094,3,0.27674815
2450,28195652,0,0.08519826
2451,28195830,6,0.24990214
2452,28196360,7,0.23794854
2453,28196438,1,0.081404306
2454,28197102,0,0.87438554
2455,28197133,0,0.16670768
2456,28197156,3,0.06805784
2457,28197674,3,0.314137
2458,28197965,3,0.033493686
2459,28198592,3,0.6332145
2460,28198835,0,0.32541558
2461,28199181,0,0.60640943
2462,28199983,0,0.31186447
2463,28202469,3,0.08859783
2464,28202626,0,0.31795233
2465,28202755,3,0.9956276
2466,28203067,6,0.2668316
2467,28203094,3,0.81287456
2468,28203464,7,0.4654275
2469,28203549,0,0.11762703
2470,28205317,3,0.15817653
2471,28205489,10,0.33343986
2472,28207180,0,0.99156576
2473,28207495,3,0.13676518
2474,28207880,4,0.15598269
2475,28208833,5,0.030914934
2476,28208923,11,0.78031075
2477,28209069,1,0.3266909
2478,28209183,9,0.15482837
2479,28209454,9,0.605321
2480,28209459,5,0.07455607
2481,28209658,8,0.23025489
2482,28209945,5,0.05680945
2483,28210010,1,0.60513616
2484,28210319,13,0.09333562
2485,28210640,0,0.20737384
2486,28210659,19,0.012364025
2487,28210819,0,0.27148575
2488,28211020,1,0.09556829
2489,28211499,1,0.057852898
2490,28212039,13,0.9594688
2491,28212833,5,0.99360543
2492,28213015,0,0.4797336
2493,28213302,0,0.011811268
2494,28213310,10,0.08393665
2495,28213541,0,0.019851793
2496,28213659,17,0.99333817
2497,28213871,3,0.5798636
2498,28213926,15,0.6963355
2499,28214571,8,0.40329358
2500,28214898,1,0.13174975
2501,28215490,6,0.60597277
2502,28215507,1,0.45631513
2503,28216278,1,0.3008641
2504,28217505,7,0.2411339
2505,28217611,11,0.9865757
2506,28217766,11,0.28619033
2507,28217770,2,0.97782993
2508,28219657,3,0.14782155
2509,28220061,0,0.29837883
2510,28220082,9,0.69194424
2511,28220122,0,0.23751822
2512,28220186,3,0.22147213
2513,28221032,7,0.41242698
2514,28221207,5,0.35167527
2515,28221291,20,0.9938914
2516,28222010,0,0.12979417
2517,28222015,7,0.8098361
2518,28222139,6,0.08658827
2519,28222314,9,0.058297276
2520,28222462,3,0.46780998
2521,28223077,10,0.3429895
2522,28223128,3,0.39660603
2523,28224642,1,0.17325984
2524,28225881,6,0.09696134
2525,28226026,7,0.54395753
2526,28226266,2,0.994152
2527,28228055,4,0.0663047
2528,28228227,2,0.08832327
2529,28228370,9,0.25712338
2530,28228765,3,0.8889326
2531,28229097,3,0.02204685
2532,28229178,14,0.88548076
2533,28230977,0,0.66992795
2534,28231426,3,0.99364597
2535,28231469,13,0.99056584
2536,28231536,12,0.8095618
2537,28231785,0,0.273611
2538,28231967,3,0.08305097
2539,28232316,13,0.07834847
2540,28232384,3,0.28578535
2541,28232582,0,0.117821604
2542,28232924,15,0.9054383
2543,28233508,3,0.5345485
2544,28233591,1,0.67561084
2545,28233874,2,0.031542737
2546,28234672,4,0.45797294
2547,28235040,3,0.19643684
2548,28235120,1,0.12059801
2549,28235434,1,0.11117801
2550,28235687,0,0.112952
2551,28235956,2,0.29476622
2552,28236130,20,0.9936858
2553,28237116,3,0.49485412
2554,28237240,1,0.11117141
2555,28237545,13,0.11373243
2556,28237762,3,0.56318724
2557,28237781,12,0.93489367
2558,28237856,0,0.06758117
2559,28237961,1,0.47858003
2560,28238074,1,0.1055073
2561,28238581,2,0.5052876
2562,28238845,2,0.555825
2563,28239032,18,0.99149257
2564,28239424,0,0.23908284
2565,28239461,8,0.71720636
2566,28239481,1,0.44399744
2567,28240640,5,0.22412421
2568,28240655,1,0.02400548
2569,28240704,14,0.99422556
2570,28241394,2,0.09957653
2571,28241985,7,0.02213135
2572,28242166,6,0.54245365
2573,28242379,8,0.45885107
2574,28243093,0,0.50348496
2575,28243201,3,0.19393912
2576,28243464,9,0.3139234
2577,28243780,5,0.101122975
2578,28243909,16,0.98437387
2579,28243923,0,0.21432562
2580,28243978,7,0.01898009
2581,28244050,2,0.47385535
2582,28244578,15,0.3462974
2583,28244595,1,0.6969229
2584,28244917,10,0.5703852
2585,28244945,1,0.5569155
2586,28244948,1,0.9005986
2587,28245088,1,0.3984012
2588,28245184,11,0.8773094
2589,28245193,10,0.34035826
2590,28245342,1,0.60582227
2591,28245479,8,0.66118926
2592,28245982,3,0.6864751
2593,28246046,1,0.040002346
2594,28246934,7,0.021635845
2595,28247087,3,0.15215518
2596,28247230,8,0.18935783
2597,28247308,3,0.89649886
2598,28248564,0,0.35805416
2599,28248975,1,0.16169414
2600,28249118,1,0.9939706
2601,28249723,0,0.6626095
2602,28249785,8,0.35780394
2603,28249926,3,0.36451665
2604,28250022,0,0.61168784
2605,28250430,1,0.02850738
2606,28251086,7,0.30310902
2607,28251683,16,0.46676892
2608,28251753,2,0.8914524
2609,28251761,2,0.40253833
2610,28252207,0,0.017530259
2611,28252882,1,0.3053304
2612,28253085,16,0.084805086
2613,28254329,4,0.043745738
2614,28254372,1,0.041123975
2615,28254544,18,0.99218965
2616,28254935,3,0.487443
2617,28255317,5,0.32593805
2618,28256192,3,0.71449417
2619,28257468,13,0.9943275
2620,28258403,9,0.017034749
2621,28258925,5,0.58502746
2622,28259683,18,0.9941895
2623,28260464,1,0.083674274
2624,28261010,0,0.5297507
2625,28261242,3,0.5339821
2626,28261447,1,0.024147302
2627,28262302,1,0.067317806
2628,28262340,3,0.24560454
2629,28263242,9,0.25642252
2630,28263657,1,0.020443266
2631,28263809,6,0.5615401
2632,28263833,2,0.7431092
2633,28264346,6,0.63021684
2634,28265047,0,0.12582533
2635,28265530,1,0.07740485
2636,28266114,7,0.5185855
2637,28266177,4,0.077100486
2638,28266699,0,0.12483663
2639,28266784,1,0.33756337
2640,28267102,3,0.064473525
2641,28267791,4,0.66912776
2642,28267806,8,0.9936465
2643,28268114,4,0.9910939
2644,28268438,17,0.2597219
2645,28268504,2,0.014592017
2646,28268645,9,0.034800705
2647,28268917,8,0.75391966
2648,28268982,19,0.99243546
2649,28269352,14,0.9382712
2650,28269453,14,0.56829387
2651,28269523,4,0.54441696
2652,28269712,11,0.6673131
2653,28269731,17,0.111684814
2654,28270084,16,0.99304366
2655,28270271,1,0.09159294
2656,28270328,11,0.051391464
2657,28270369,7,0.23642986
2658,28271652,11,0.25592637
2659,28272227,5,0.33832413
2660,28272254,0,0.053105924
2661,28272842,8,0.042473868
2662,28273482,3,0.30258185
2663,28273985,2,0.7040654
2664,28274070,8,0.30349568
2665,28274077,9,0.49549308
2666,28274163,1,0.6535265
2667,28274448,2,0.9886556
2668,28274609,5,0.30243206
2669,28274612,5,0.4637052
2670,28274876,16,0.904556
2671,28274894,5,0.99490476
2672,28275119,0,0.05315066
2673,28275724,0,0.9599063
2674,28276471,0,0.15874471
2675,28276842,5,0.30916142
2676,28276968,3,0.8069107
2677,28276986,7,0.83295554
2678,28277099,8,0.6983141
2679,28277189,8,0.031383254
2680,28277879,11,0.7418182
2681,28277932,3,0.99347395
2682,28278087,11,0.47771096
2683,28278150,13,0.77688104
2684,28278200,2,0.43949157
2685,28278674,4,0.7252643
2686,28279706,13,0.72374463
2687,28280149,0,0.315056
2688,28280246,3,0.42437714
2689,28280318,14,0.70334363
2690,28280631,1,0.059013624
2691,28280642,1,0.16566125
2692,28280760,8,0.39981478
2693,28281265,0,0.4231512
2694,28281271,8,0.48485386
2695,28281477,1,0.029136155
2696,28281646,4,0.2139561
2697,28281741,1,0.25044602
2698,28282033,16,0.993473
2699,28282510,3,0.70114416
2700,28282592,13,0.26329947
2701,28282614,0,0.14221121
2702,28282937,2,0.15772691
2703,28282963,2,0.51215464
2704,28283525,3,0.5361865
2705,28283668,18,0.22870879
2706,28284180,0,0.56117135
2707,28284237,7,0.06556414
2708,28284468,6,0.72659737
2709,28284588,1,0.40143794
2710,28284685,5,0.8972926
2711,28284884,6,0.9076928
2712,28285309,1,0.2839749
2713,28285346,3,0.12524818
2714,28285800,6,0.054024972
2715,28286021,8,0.75728434
2716,28286333,1,0.35407132
2717,28286688,6,0.9947066
2718,28286864,0,0.09982909
2719,28286999,4,0.045405466
2720,28287035,16,0.66605616
2721,28287597,4,0.99156636
2722,28288134,3,0.24322025
2723,28288758,1,0.18322296
2724,28288764,16,0.99178225
2725,28289065,1,0.39891544
2726,28289091,11,0.4683299
2727,28289109,1,0.261685
2728,28289914,2,0.57184607
2729,28291473,5,0.9319208
2730,28292240,3,0.52933913
2731,28292338,5,0.05385698
2732,28292565,1,0.284769
2733,28293275,0,0.98964345
2734,28293289,0,0.28385663
2735,28294559,4,0.037883554
2736,28295125,20,0.9938917
2737,28295177,2,0.12480305
2738,28295357,6,0.070817165
2739,28295414,16,0.44947413
2740,28295770,1,0.13998806
2741,28295777,4,0.14827694
2742,28295838,3,0.20438586
2743,28295933,1,0.6963679
2744,28295953,1,0.3310028
2745,28296582,1,0.9192687
2746,28296655,11,0.16267884
2747,28296818,20,0.99360484
2748,28296885,5,0.037869953
2749,28297577,3,0.30389017
2750,28297629,3,0.52857405
2751,28298171,4,0.3639351
2752,28298224,3,0.20419914
2753,28298553,13,0.98694736
2754,28298837,6,0.013911612
2755,28299441,4,0.1715808
2756,28299515,13,0.35681817
2757,28299642,5,0.47705936
2758,28299685,3,0.061021417
2759,28299817,0,0.8243329
2760,28300431,9,0.026065424
2761,28300494,4,0.31074017
2762,28301024,8,0.10676024
2763,28301248,2,0.14230475
2764,28301284,3,0.5081206
2765,28301539,1,0.3443418
2766,28301911,19,0.993382
2767,28303067,8,0.26523614
2768,28303341,1,0.29902503
2769,28304102,8,0.07392832
2770,28304405,4,0.34845823
2771,28306155,0,0.21064977
2772,28306484,17,0.052284565
2773,28306707,6,0.16130356
2774,28314184,6,0.4082222
2775,28314676,1,0.26945844
2776,28315039,3,0.035145476
2777,28315127,0,0.36745954
2778,28315240,0,0.4564549
2779,28316359,6,0.24462089
2780,28316973,6,0.33646333
2781,28317716,12,0.17567627
2782,28318092,6,0.11040666
2783,28318300,4,0.38002363
2784,28318461,17,0.4981632
2785,28318799,0,0.179388
2786,28318886,11,0.38422844
2787,28319277,1,0.15025684
2788,28319455,6,0.25372368
2789,28319640,17,0.02409064
2790,28320554,1,0.39279762
2791,28320690,17,0.26619494
2792,28321789,2,0.99368995
2793,28322190,13,0.6000276
2794,28322352,7,0.28442132
2795,28322666,15,0.9901782
2796,28322744,8,0.5846859
2797,28322784,3,0.4531663
2798,28322885,14,0.15162142
2799,28323338,1,0.21611425
2800,28323419,3,0.19991425
2801,28323882,3,0.7459012
2802,28323937,8,0.9935629
2803,28324211,2,0.25227115
2804,28324284,6,0.83190507
2805,28326653,1,0.09543238
2806,28326790,3,0.4018592
2807,28326936,16,0.9937705
2808,28327105,1,0.13499081
2809,28327345,2,0.36181763
2810,28327595,1,0.25966594
2811,28327913,3,0.41460574
2812,28328136,7,0.7133761
2813,28328988,3,0.03915627
2814,28329001,4,0.41008338
2815,28329145,1,0.25654715
2816,28329231,4,0.046112765
2817,28329872,0,0.7635989
2818,28330740,6,0.1859164
2819,28331048,2,0.19808897
2820,28331254,7,0.8978284
2821,28331599,4,0.9931897
2822,28331620,9,0.568969
2823,28332137,5,0.244384
2824,28332360,3,0.5909168
2825,28332476,3,0.36038044
2826,28333018,1,0.4789683
2827,28333189,0,0.57444835
2828,28333697,1,0.19019197
2829,28333794,1,0.5293511
2830,28334327,12,0.024606727
2831,28334564,10,0.08969885
2832,28334615,13,0.63210744
2833,28334784,4,0.6957972
2834,28334854,1,0.48350444
2835,28334863,0,0.30959994
2836,28336096,0,0.084057555
2837,28336141,16,0.97021496
2838,28336597,3,0.07538909
2839,28337281,0,0.45602342
2840,28337431,3,0.12275529
2841,28338247,6,0.3123712
2842,28338376,3,0.27862668
2843,28338529,11,0.22727497
2844,28338976,1,0.16169393
2845,28339345,6,0.7466902
2846,28339410,10,0.6136915
2847,28339928,6,0.3708291
2848,28340104,1,0.18406682
2849,28340463,4,0.8456173
2850,28340485,0,0.31108165
2851,28340580,1,0.11215727
2852,28341038,6,0.6839078
2853,28341065,8,0.28200725
2854,28341154,5,0.9898618
2855,28341161,5,0.8193242
2856,28341196,5,0.45952645
2857,28341536,4,0.42473027
2858,28341623,10,0.54378545
2859,28341674,0,0.27973
2860,28341723,14,0.053370766
2861,28341903,7,0.05397584
2862,28342010,1,0.093883306
2863,28342542,10,0.9914168
2864,28343001,0,0.27804026
2865,28343062,15,0.9936872
2866,28343418,13,0.98746073
2867,28343423,6,0.92284256
2868,28343654,10,0.20806603
2869,28343993,0,0.43273556
2870,28344199,7,0.87591267
2871,28344590,3,0.22865705
2872,28344660,3,0.43628573
2873,28345005,10,0.7465123
2874,28345022,3,0.9511098
2875,28345160,14,0.9196183
2876,28345195,1,0.091058135
2877,28346872,11,0.04202258
2878,28346915,1,0.05318434
2879,28347282,1,0.2580243
2880,28347608,11,0.9940071
2881,28347978,10,0.9880856
2882,28348057,1,0.018343491
2883,28348382,13,0.7709854
2884,28348846,2,0.7652936
2885,28349200,14,0.9937305
2886,28349897,0,0.61514693
2887,28350221,15,0.37384555
2888,28350368,2,0.48644793
2889,28350803,0,0.0717746
2890,28351136,3,0.29849702
2891,28351265,1,0.32901895
2892,28351298,8,0.6831503
2893,28351716,8,0.0832168
2894,28351807,8,0.4871169
2895,28352621,1,0.15117636
2896,28352958,3,0.31517377
2897,28353042,5,0.9188592
2898,28355176,3,0.3796009
2899,28355402,2,0.042085577
2900,28355605,0,0.21678893
2901,28355982,6,0.87691575
2902,28356035,7,0.17597574
2903,28356295,10,0.55349296
2904,28356547,0,0.7991784
2905,28357505,9,0.41882578
2906,28357725,6,0.486305
2907,28357982,0,0.59205866
2908,28358140,13,0.63546205
2909,28358234,1,0.1447319
2910,28358612,5,0.7157036
2911,28358712,4,0.16859338
2912,28359307,6,0.24821283
2913,28359664,2,0.3288234
2914,28359781,15,0.5402822
2915,28359890,16,0.99117744
2916,28360122,10,0.11453068
2917,28360143,6,0.6437095
2918,28360224,11,0.9943279
2919,28360843,13,0.19236705
2920,28360979,1,0.7989531
2921,28361121,1,0.13040699
2922,28361230,1,0.3968322
2923,28361307,4,0.116921544
2924,28362102,0,0.674592
2925,28362386,0,0.015856836
2926,28362410,1,0.41961706
2927,28363570,7,0.59668976
2928,28363626,11,0.7563904
2929,28363782,4,0.26579392
2930,28363919,11,0.54839873
2931,28364409,2,0.1701172
2932,28364434,0,0.29082564
2933,28364927,1,0.27023494
2934,28366406,1,0.20669293
2935,28366539,9,0.5503087
2936,28366632,0,0.9921237
2937,28366770,7,0.09053069
2938,28367681,7,0.9931948
2939,28367982,0,0.52795434
2940,28368267,1,0.21456154
2941,28368473,0,0.1863657
2942,28370033,0,0.14779574
2943,28370352,3,0.3180495
2944,28370605,0,0.032989934
2945,28370728,15,0.33380932
2946,28371313,14,0.99329144
2947,28371745,3,0.2764539
2948,28373195,2,0.9926709
2949,28373627,4,0.016506376
2950,28373747,4,0.14961989
2951,28373799,13,0.14939861
2952,28373959,2,0.50866735
2953,28373991,4,0.9880859
2954,28374639,2,0.8875038
2955,28374958,1,0.11575486
2956,28375566,3,0.46093136
2957,28375653,14,0.96544915
2958,28375729,0,0.02125422
2959,28375743,0,0.09807887
2960,28376287,15,0.31582645
2961,28376393,2,0.23031533
2962,28377051,4,0.17221743
2963,28377193,10,0.99319184
2964,28377210,6,0.12606902
2965,28377331,17,0.98929447
2966,28377738,1,0.52798676
2967,28378221,3,0.9917062
2968,28379026,7,0.87255955
2969,28379194,0,0.9938915
2970,28379326,5,0.25405538
2971,28380044,0,0.3348699
2972,28380217,10,0.052365158
2973,28380256,3,0.1345305
2974,28380486,1,0.07473882
2975,28380662,4,0.15841551
2976,28381295,2,0.33710265
2977,28381362,18,0.99092346
2978,28381601,2,0.9156747
2979,28381880,3,0.07517048
2980,28382143,1,0.13087808
2981,28382289,4,0.06828841
2982,28382844,11,0.26666242
2983,28383311,1,0.074673764
2984,28383652,3,0.23134847
2985,28384889,13,0.44063997
2986,28384898,15,0.646766
2987,28385075,1,0.2696348
2988,28385178,1,0.86405784
2989,28385594,3,0.15379336
2990,28385938,10,0.34843725
2991,28386264,1,0.65083754
2992,28386663,4,0.082457125
2993,28386687,8,0.14743309
2994,28386950,1,0.23733018
2995,28387468,9,0.7226013
2996,28387835,2,0.08438989
2997,28387851,2,0.045239285
2998,28388017,8,0.16024287
2999,28388318,7,0.9957828
3000,28388350,3,0.2566371
3001,28388524,2,0.3363827
3002,28389361,0,0.1689956
3003,28389368,18,0.9958758
3004,28389374,3,0.21449056
3005,28389382,16,0.72560793
3006,28389633,5,0.9383355
3007,28389961,3,0.049575407
3008,28389983,12,0.0896626
3009,28389985,1,0.11594712
3010,28390121,2,0.10070536
3011,28390852,7,0.13470247
3012,28391514,4,0.29153007
3013,28391546,1,0.50072664
3014,28391771,10,0.14997971
3015,28391978,16,0.9931455
3016,28392546,1,0.99134
3017,28392552,19,0.51065844
3018,28392965,16,0.99141234
3019,28393261,13,0.99141514
3020,28393741,14,0.07682491
3021,28393819,5,0.86563826
3022,28393896,14,0.39415386
3023,28394217,14,0.80160314
3024,28394294,1,0.2677017
3025,28394503,0,0.38894013
3026,28394602,4,0.98928726
3027,28394851,9,0.8328625
3028,28394935,4,0.37403205
3029,28395208,13,0.25859484
3030,28395554,0,0.6728192
3031,28395912,3,0.18403676
3032,28396298,3,0.13413627
3033,28396345,0,0.9450814
3034,28396695,17,0.113934144
3035,28396744,1,0.36576468
3036,28397323,1,0.09635705
3037,28397533,1,0.206983
3038,28398095,2,0.077583425
3039,28399372,13,0.9904692
3040,28399813,1,0.18221678
3041,28399871,0,0.49140623
3042,28400033,2,0.08235781
3043,28400056,5,0.07244568
3044,28400402,0,0.12600365
3045,28400582,6,0.44199032
3046,28400724,1,0.1601631
3047,28401602,15,0.7133493
3048,28401887,2,0.25887996
3049,28402002,9,0.12889707
3050,28402055,1,0.23364583
3051,28402232,1,0.019718127
3052,28402261,7,0.75963604
3053,28403152,1,0.06623012
3054,28403172,9,0.65026695
3055,28403387,9,0.7331849
3056,28403406,7,0.0850782
3057,28404091,1,0.049754363
3058,28404634,3,0.2849228
3059,28404643,2,0.62151814
3060,28405177,0,0.09487513
3061,28405379,3,0.20771164
3062,28405450,1,0.13176915
3063,28406285,9,0.057894453
3064,28406413,9,0.61869186
3065,28406758,1,0.2494853
3066,28407355,1,0.21892619
3067,28407625,3,0.6010023
3068,28407650,1,0.10906744
3069,28408329,2,0.7548222
3070,28408671,3,0.57859737
3071,28409370,8,0.34819
3072,28409651,2,0.45067093
3073,28409856,15,0.21352607
3074,28410205,0,0.7250143
3075,28410350,1,0.42405745
3076,28410389,1,0.14115234
3077,28410411,3,0.5149634
3078,28411139,6,0.54147583
3079,28411263,19,0.5480739
3080,28411311,2,0.2335533
3081,28411442,1,0.37129107
3082,28412023,0,0.9921262
3083,28412693,3,0.052507162
3084,28412969,0,0.030417174
3085,28413179,15,0.98486876
3086,28413509,1,0.051654756
3087,28413529,10,0.45877013
3088,28413598,1,0.16887262
3089,28413643,16,0.9947648
3090,28413794,8,0.30613995
3091,28413969,11,0.12893344
3092,28414203,0,0.3052353
3093,28414491,14,0.1525626
3094,28415132,2,0.6269203
3095,28415499,5,0.3286503
3096,28415552,4,0.71304244
3097,28415987,2,0.5423035
3098,28416098,7,0.509591
3099,28416410,10,0.6736845
3100,28416439,4,0.048483893
3101,28416855,0,0.78395677
3102,28416969,11,0.9492759
3103,28417422,5,0.19295318
3104,28418900,0,0.37751743
3105,28419010,1,0.07871775
3106,28419641,13,0.45688382
3107,28419865,4,0.45159408
3108,28420059,6,0.47494867
3109,28420538,1,0.06854244
3110,28421317,7,0.080917835
3111,28421810,5,0.5024365
3112,28422140,0,0.55076426
3113,28422693,6,0.5505543
3114,28423032,3,0.99503577
3115,28423778,17,0.989049
3116,28424061,5,0.10841315
3117,28424384,9,0.7595371
3118,28424584,3,0.23321244
3119,28424683,3,0.9949864
3120,28424727,3,0.39683408
3121,28424986,2,0.24794008
3122,28425183,7,0.2645344
3123,28425861,13,0.990276
3124,28426667,13,0.9936045
3125,28427273,7,0.7206139
3126,28427537,3,0.23885252
3127,28427543,14,0.53095055
3128,28427655,12,0.99109715
3129,28427765,6,0.4416433
3130,28428293,0,0.39116752
3131,28428488,7,0.29400855
3132,28429154,2,0.87876856
3133,28429315,9,0.54245603
3134,28429354,10,0.7441554
3135,28429412,2,0.72647667
3136,28429500,19,0.99237555
3137,28429542,10,0.14682283
3138,28429775,4,0.17297731
3139,28430012,4,0.9173083
3140,28430341,1,0.7109341
3141,28430726,5,0.08114822
3142,28430891,1,0.74859416
3143,28430965,4,0.61103344
3144,28431108,1,0.056510944
3145,28431783,2,0.34892857
3146,28431885,5,0.046138987
3147,28432098,2,0.9536472
3148,28432481,6,0.13084824
3149,28432743,3,0.0628413
3150,28432944,16,0.99266636
3151,28433058,18,0.992556
3152,28433214,1,0.3328376
3153,28433448,1,0.03360758
3154,28433844,11,0.104628034
3155,28433910,2,0.99047136
3156,28434897,1,0.9384657
3157,28434980,3,0.9941882
3158,28435038,16,0.991923
3159,28435209,2,0.59652567
3160,28435583,10,0.30980527
3161,28436186,1,0.22767302
3162,28436264,2,0.13069539
3163,28436286,11,0.30827937
3164,28436433,3,0.4328364
3165,28436493,2,0.2756901
3166,28436593,1,0.22674108
3167,28436738,14,0.0648184
3168,28436990,3,0.056518212
3169,28437199,2,0.023661131
3170,28437231,0,0.8887162
3171,28437254,7,0.5776695
3172,28437457,9,0.3824093
3173,28437582,1,0.22180915
3174,28437772,5,0.8049168
3175,28438037,5,0.2593036
3176,28438309,1,0.12691359
3177,28438506,3,0.9929421
3178,28438542,0,0.13817476
3179,28438558,4,0.34448192
3180,28438975,0,0.044892736
3181,28439067,0,0.028803699
3182,28440090,3,0.59410924
3183,28440108,1,0.15847775
3184,28440461,8,0.2573759
3185,28441459,7,0.9427093
3186,28441489,10,0.9952828
3187,28442229,0,0.1615463
3188,28442243,1,0.34283257
3189,28442343,2,0.86682147
3190,28442401,3,0.25292245
3191,28442480,13,0.68998295
3192,28442859,4,0.26765242
3193,28443376,17,0.16233106
3194,28443481,1,0.048237346
3195,28444830,3,0.24414295
3196,28445368,1,0.329565
3197,28445375,6,0.09731041
3198,28445929,3,0.2893681
3199,28445938,3,0.50741714
3200,28446633,2,0.21311602
3201,28446912,13,0.2785726
3202,28447201,19,0.9944593
3203,28447586,0,0.33716902
3204,28447822,11,0.20845439
3205,28447828,1,0.9923784
3206,28447924,7,0.06392803
3207,28447984,0,0.39619964
3208,28448089,0,0.09923585
3209,28448233,11,0.9730338
3210,28449310,13,0.9913367
3211,28450207,6,0.34588826
3212,28450395,12,0.99243915
3213,28450855,16,0.9869077
3214,28451250,0,0.082572296
3215,28451395,2,0.6778754
3216,28451446,3,0.2337138
3217,28451474,6,0.020438751
3218,28451494,1,0.021783115
3219,28452427,1,0.10409951
3220,28453826,1,0.16631688
3221,28454015,6,0.33104607
3222,28454282,3,0.24592006
3223,28454487,1,0.2987624
3224,28454863,14,0.99439543
3225,28455257,13,0.991416
3226,28456571,3,0.187788
3227,28456611,1,0.29223868
3228,28456743,1,0.9936055
3229,28456744,1,0.3392448
3230,28456850,3,0.03710176
3231,28456987,0,0.24775958
3232,28457143,9,0.6747971
3233,28457384,6,0.14768311
3234,28457522,19,0.99249595
3235,28457994,4,0.8437053
3236,28458045,12,0.9932908
3237,28458091,1,0.60719764
3238,28458290,1,0.38236514
3239,28458643,0,0.3116799
3240,28458859,10,0.2871296
3241,28458935,3,0.22706714
3242,28459029,7,0.41947645
3243,28459124,4,0.23069224
3244,28459391,13,0.31861612
3245,28459420,1,0.32432458
3246,28459654,4,0.33147246
3247,28460030,10,0.6009399
3248,28460054,0,0.4958737
3249,28460474,6,0.6583506
3250,28461000,8,0.38141784
3251,28462513,8,0.22385429
3252,28462752,1,0.13658397
3253,28462781,16,0.2360679
3254,28463085,8,0.871377
3255,28463669,5,0.20217437
3256,28464019,14,0.19765767
3257,28464071,5,0.99461704
3258,28464073,0,0.17650744
3259,28464291,0,0.028673453
3260,28464554,8,0.2909746
3261,28464602,4,0.033831004
3262,28464907,1,0.049775634
3263,28464953,3,0.32050014
3264,28465195,19,0.99299306
3265,28465502,2,0.01920688
3266,28465773,11,0.47464308
3267,28465793,7,0.15686624
3268,28466053,1,0.08569437
3269,28466379,2,0.86307305
3270,28466814,2,0.201791
3271,28468175,1,0.05143949
3272,28468714,1,0.15739024
3273,28468745,4,0.06901947
3274,28468761,3,0.8795771
3275,28468980,3,0.67882735
3276,28469263,0,0.85072786
3277,28469422,3,0.17741592
3278,28469481,1,0.4264599
3279,28469632,4,0.6911087
3280,28469721,7,0.9937326
3281,28469905,2,0.40324643
3282,28470100,6,0.2845011
3283,28470106,7,0.11282351
3284,28470421,15,0.061847318
3285,28470482,0,0.42372042
3286,28470753,8,0.34636128
3287,28471040,16,0.99199253
3288,28471149,6,0.18352984
3289,28471656,0,0.30293527
3290,28471772,9,0.86982447
3291,28471941,1,0.24480347
3292,28472082,6,0.580379
3293,28472129,3,0.22447746
3294,28472611,10,0.10828025
3295,28473083,17,0.058070816
3296,28473360,1,0.13058075
3297,28473531,3,0.28061432
3298,28473640,1,0.017238516
3299,28474673,3,0.42250562
3300,28474967,7,0.17500164
3301,28475307,3,0.7092253
3302,28475787,3,0.18575196
3303,28476060,8,0.8915661
3304,28476169,10,0.8232138
3305,28476271,10,0.17024092
3306,28476508,7,0.07882042
3307,28477705,7,0.3237218
3308,28477843,0,0.3900694
3309,28478321,2,0.7219994
3310,28478464,16,0.28488684
3311,28478603,3,0.92944616
3312,28478636,1,0.33599427
3313,28478867,3,0.090304576
3314,28479016,7,0.22266474
3315,28479259,13,0.14858319
3316,28479344,0,0.18781206
3317,28480148,3,0.2632102
3318,28480413,2,0.10962183
3319,28480570,0,0.18648843
3320,28481004,11,0.64599645
3321,28481342,2,0.26327324
3322,28481498,16,0.9523601
3323,28482033,1,0.34852567
3324,28482688,10,0.38588095
3325,28482961,1,0.10298119
3326,28483305,2,0.66174465
3327,28483455,5,0.6674602
3328,28483530,4,0.9905667
3329,28484250,1,0.42008704
3330,28484550,20,0.991177
3331,28485296,17,0.12013165
3332,28486232,0,0.4115479
3333,28486801,16,0.98865485
3334,28486810,3,0.16147949
3335,28486889,4,0.23762028
3336,28486935,1,0.27835542
3337,28487075,0,0.17002736
3338,28487334,1,0.99404484
3339,28487667,6,0.13909256
3340,28487818,16,0.9190075
3341,28487909,0,0.8926659
3342,28490164,12,0.48961896
3343,28490376,6,0.32059193
3344,28492106,19,0.9928341
3345,28492483,2,0.64410806
3346,28493125,3,0.98778296
3347,28493821,1,0.14581962
3348,28494223,13,0.8146307
3349,28494325,1,0.82503504
3350,28494337,2,0.42563128
3351,28494350,2,0.5893804
3352,28495458,5,0.16304378
3353,28495811,6,0.268355
3354,28495897,1,0.40143248
3355,28495934,13,0.32367048
3356,28496002,1,0.23594381
3357,28496419,1,0.09004136
3358,28497106,13,0.8322441
3359,28497407,1,0.24860606
3360,28497418,6,0.82733554
3361,28497698,0,0.36851314
3362,28497887,1,0.0194599
3363,28497891,1,0.025567215
3364,28498873,1,0.74445117
3365,28499328,1,0.24617624
3366,28499343,14,0.16167131
3367,28500789,3,0.9945211
3368,28500879,1,0.13062622
3369,28500997,1,0.27417123
3370,28501006,0,0.10216329
3371,28501028,0,0.4148295
3372,28501443,6,0.062271688
3373,28501699,1,0.15403454
3374,28502074,19,0.109621055
3375,28502652,13,0.9937706
3376,28502812,6,0.30258164
3377,28503387,1,0.3090778
3378,28503759,6,0.060203154
3379,28504165,6,0.71271735
3380,28504776,4,0.47546697
3381,28504984,1,0.13549916
3382,28505177,6,0.058517084
3383,28505339,11,0.078796834
3384,28505487,1,0.1747699
3385,28506069,15,0.25189236
3386,28506602,10,0.072853126
3387,28506931,0,0.4747684
3388,28506958,8,0.06865912
3389,28507142,0,0.19098523
3390,28507202,3,0.875421
3391,28508214,3,0.9782431
3392,28508329,3,0.19646934
3393,28508422,1,0.12661639
3394,28508668,12,0.9823551
3395,28508736,1,0.18031664
3396,28508943,15,0.072879426
3397,28509318,1,0.046272755
3398,28509526,0,0.6030247
3399,28509623,5,0.2839033
3400,28509716,6,0.98975414
3401,28511890,6,0.52188903
3402,28512060,3,0.221575
3403,28512111,7,0.7334962
3404,28513626,4,0.49268055
3405,28513923,6,0.9927797
3406,28514301,8,0.35150367
3407,28514486,1,0.049506646
3408,28514681,3,0.20320652
3409,28515226,3,0.25069454
3410,28515354,8,0.60489196
3411,28515448,4,0.17524499
3412,28515464,7,0.5970708
3413,28515617,9,0.09288086
3414,28516841,3,0.4172999
3415,28518216,13,0.24171625
3416,28520198,11,0.1660669
3417,28520655,0,0.39732423
3418,28520994,3,0.41593406
3419,28521168,4,0.12506501
3420,28521617,5,0.18872012
3421,28521676,9,0.017997174
3422,28521737,5,0.08578993
3423,28522288,1,0.3663502
3424,28523090,15,0.81017095
3425,28523174,20,0.98296684
3426,28523425,9,0.5559737
3427,28523479,18,0.9949858
3428,28523722,16,0.9927793
3429,28523846,2,0.89872587
3430,28524099,2,0.36967775
3431,28524604,1,0.37072745
3432,28524704,7,0.09707241
3433,28525754,12,0.57133514
3434,28525838,0,0.38262162
3435,28526000,8,0.07150543
3436,28526360,1,0.046141844
3437,28526485,14,0.23244452
3438,28526565,1,0.08211641
3439,28526692,5,0.5572186
3440,28526816,2,0.015079447
3441,28527429,13,0.8869902
3442,28527513,0,0.08229363
3443,28527621,1,0.33994225
3444,28528178,3,0.2838046
3445,28528555,9,0.18824123
3446,28528624,17,0.2379073
3447,28529121,10,0.080760494
3448,28529546,1,0.05882231
3449,28530664,13,0.5599291
3450,28530715,12,0.9896419
3451,28531851,2,0.24738298
3452,28531873,9,0.26443595
3453,28532107,2,0.080163755
3454,28532323,0,0.53681827
3455,28532624,4,0.41013384
3456,28532629,9,0.46247357
3457,28532645,6,0.46896386
3458,28532912,9,0.038696058
3459,28533050,2,0.21151452
3460,28533317,1,0.7493527
3461,28533524,3,0.595113
3462,28533788,3,0.8571211
3463,28533814,1,0.045467794
3464,28533939,11,0.9938918
3465,28534284,0,0.58351564
3466,28534352,8,0.09950707
3467,28534358,2,0.020991424
3468,28534452,3,0.99231416
3469,28535279,3,0.7443529
3470,28536004,9,0.4730856
3471,28536031,2,0.029268073
3472,28536123,1,0.100107335
3473,28536535,4,0.25638267
3474,28537612,3,0.814222
3475,28537717,10,0.9914123
3476,28538491,17,0.15185913
3477,28538498,3,0.4628227
3478,28538914,15,0.65311927
3479,28538990,8,0.7261253
3480,28539075,7,0.063039854
3481,28539349,13,0.25715062
3482,28540341,15,0.13057059
3483,28540536,6,0.21611837
3484,28541292,0,0.36759225
3485,28541529,8,0.8954727
3486,28541679,6,0.3118029
3487,28541870,7,0.17335409
3488,28542333,6,0.47919396
3489,28542641,0,0.46556726
3490,28542952,10,0.0238587
3491,28543041,10,0.6707557
3492,28543991,6,0.13535395
3493,28544275,9,0.59370995
3494,28544452,3,0.1150845
3495,28544601,1,0.061265696
3496,28545139,3,0.99283314
3497,28545217,1,0.022829723
3498,28545358,4,0.14587007
3499,28545416,8,0.047587097
3500,28546318,0,0.16859964
3501,28546554,1,0.2815794
3502,28547383,0,0.98778117
3503,28548488,3,0.44481447
3504,28548676,17,0.016008988
3505,28548949,3,0.40627402
3506,28548973,9,0.039916527
3507,28549178,13,0.8744899
3508,28549399,2,0.32318577
3509,28549760,14,0.7509726
3510,28550154,7,0.4171937
3511,28550348,1,0.2818431
3512,28550521,14,0.21138355
